-- Nhan vien
use DBFilm
go
insert into dbo.TB_NHANVIEN (TENNHANVIEN, NGAYSINH, CMTND, NGAYVAOLAM, QUEQUAN, DIACHI, SDT) 
values (N'Nguyễn Văn Sang', '1995-05-15', '033304256201', '2016-05-20', N'Thôn Hoan Aí - Xã Tân Việt - Huyện Yên Mỹ - Tỉnh Hưng Yên', N'Hà Đông - Hà Nội', '0358604259')
insert into dbo.TB_NHANVIEN (TENNHANVIEN, NGAYSINH, CMTND, NGAYVAOLAM, QUEQUAN, DIACHI, SDT) 
values (N'Nguyễn Văn Hoàng', '1996-05-12', '033308256201', '2016-02-04', N'Thôn Đạo Khê - Xã Tân Việt - Huyện Yên Mỹ - Tỉnh Hưng Yên', N'Hai Bà Trưng - Hà Nội', '0369604259')
insert into dbo.TB_NHANVIEN (TENNHANVIEN, NGAYSINH, CMTND, NGAYVAOLAM, QUEQUAN, DIACHI, SDT) 
values (N'Nguyễn Đức Hùng', '1999-10-15', '011304256501', '2019-08-20', N'Thôn Nghĩa Hiệp - Xã Đào Dương - Huyện Kim Động - Tỉnh Hà Nam', N'Đống Đa- Hà Nội', '0251104259')
insert into dbo.TB_NHANVIEN (TENNHANVIEN, NGAYSINH, CMTND, NGAYVAOLAM, QUEQUAN, DIACHI, SDT) 
values (N'Nguyễn Thị Thu Hà', '2001-04-13', '033301006021', '2019-03-15', N'Thôn Lãng Cầu - Xã Tân Việt - Huyện Yên Mỹ - Tỉnh Hưng Yên', N'Hà Đông - Hà Nội', '0358604666')
insert into dbo.TB_NHANVIEN (TENNHANVIEN, NGAYSINH, CMTND, NGAYVAOLAM, QUEQUAN, DIACHI, SDT) 
values (N'Nguyễn Văn Hải', '1998-05-19', '033304256244', '2017-12-20', N'Thôn La Khê - Xã Việt Cường - Huyện Khoái Châu - Tỉnh Hải Dương', N'Hoàng Mai - Hà Nội', '0978604259')
insert into dbo.TB_NHANVIEN (TENNHANVIEN, NGAYSINH, CMTND, NGAYVAOLAM, QUEQUAN, DIACHI, SDT) 
values (N'Phan Thị Cẩm Nhi', '1997-01-12', '015208256201', '2020-10-04', N'Thôn Đạo Khê - Xã Tân Việt - Huyện Yên Mỹ - Tỉnh Hưng Yên', N'Đống Đa - Hà Nội', '0658614259')
insert into dbo.TB_NHANVIEN (TENNHANVIEN, NGAYSINH, CMTND, NGAYVAOLAM, QUEQUAN, DIACHI, SDT) 
values (N'Lê Hoàng Sơn', '1999-02-25', '091304256201', '2021-06-13', N'Thôn Mường La - Xã Tân Châu - Huyện Châu Đốc - Tỉnh Thanh Hoá', N'Hoàng Mai - Hà Nội', '0358254263')
insert into dbo.TB_NHANVIEN (TENNHANVIEN, NGAYSINH, CMTND, NGAYVAOLAM, QUEQUAN, DIACHI, SDT) 
values (N'Đỗ Thu Phương', '1996-06-18', '014508256201', '2019-02-03', N'Thôn Cảnh Lâm - Xã Tân Việt - Huyện Yên Mỹ - Tỉnh Hưng Yên', N'Đống Đa - Hà Nội', '0258604259')
insert into dbo.TB_NHANVIEN (TENNHANVIEN, NGAYSINH, CMTND, NGAYVAOLAM, QUEQUAN, DIACHI, SDT) 
values (N'Nguyễn Xuân Đức', '1994-11-15', '033315256201', '2018-05-25', N'Thôn Đồng Mỹ - Xã Hoa Lư - Huyện Tiên Lữ - Tỉnh Bắc Ninh', N'Hà Đông - Hà Nội', '0358604259')
insert into dbo.TB_NHANVIEN (TENNHANVIEN, NGAYSINH, CMTND, NGAYVAOLAM, QUEQUAN, DIACHI, SDT) 
values (N'Nguyễn Văn Thống', '1993-09-23', '033336256225', '2017-02-08', N'Thôn Tử Đông- Xã Lý Thường Kiệt - Huyện Yên Mỹ - Tỉnh Hưng Yên', N'Long Biên - Hà Nội', '0998604259')
insert into dbo.TB_NHANVIEN (TENNHANVIEN, NGAYSINH, CMTND, NGAYVAOLAM, QUEQUAN, DIACHI, SDT) 
values (N'Nguyễn Xuân Phúc', '1990-10-25', '011146256225', '2010-02-10', N'Thôn Lãng Cầu- Xã Tân Việt - Huyện Yên Mỹ - Tỉnh Hưng Yên', N'Tây Hồ - Hà Nội', '0999904259')
go
--Tai khoan
Insert into dbo.TB_TAIKHOAN (TENDANGNHAP, LOAITAIKHOAN, MATKHAU, MANHANVIEN) values('Admin', 'Admin', 'Admin', 1)
Insert into dbo.TB_TAIKHOAN (TENDANGNHAP, LOAITAIKHOAN, MATKHAU, MANHANVIEN) values('NV_001', 'nhanvien', 'nv001', 2)
Insert into dbo.TB_TAIKHOAN (TENDANGNHAP, LOAITAIKHOAN, MATKHAU, MANHANVIEN) values('NV_002', 'nhanvien', 'nv002', 3)
Insert into dbo.TB_TAIKHOAN (TENDANGNHAP, LOAITAIKHOAN, MATKHAU, MANHANVIEN) values('NV_003', 'nhanvien', 'nv003', 4)
Insert into dbo.TB_TAIKHOAN (TENDANGNHAP, LOAITAIKHOAN, MATKHAU, MANHANVIEN) values('NV_004', 'nhanvien', 'nv004', 5)
Insert into dbo.TB_TAIKHOAN (TENDANGNHAP, LOAITAIKHOAN, MATKHAU, MANHANVIEN) values('NV_005', 'nhanvien', 'nv005', 6)
Insert into dbo.TB_TAIKHOAN (TENDANGNHAP, LOAITAIKHOAN, MATKHAU, MANHANVIEN) values('NV_006', 'nhanvien', 'nv006', 7)
Insert into dbo.TB_TAIKHOAN (TENDANGNHAP, LOAITAIKHOAN, MATKHAU, MANHANVIEN) values('NV_007', 'nhanvien', 'nv007', 8)
Insert into dbo.TB_TAIKHOAN (TENDANGNHAP, LOAITAIKHOAN, MATKHAU, MANHANVIEN) values('NV_008', 'nhanvien', 'nv008', 9)
Insert into dbo.TB_TAIKHOAN (TENDANGNHAP, LOAITAIKHOAN, MATKHAU, MANHANVIEN) values('NV_009', 'nhanvien', 'nv009', 10)
Insert into dbo.TB_TAIKHOAN (TENDANGNHAP, LOAITAIKHOAN, MATKHAU, MANHANVIEN) values('NV_010', 'nhanvien', 'nv010', 11)
go
-- db loaiphim
insert into TB_LOAIPHIM(TENLOAIPHIM) values(N'Phim Hoạt Hình')
insert into TB_LOAIPHIM(TENLOAIPHIM) values(N'Action')
insert into TB_LOAIPHIM(TENLOAIPHIM) values(N'Drama')
insert into TB_LOAIPHIM(TENLOAIPHIM) values(N'Adventure')
insert into TB_LOAIPHIM(TENLOAIPHIM) values(N'magic')
insert into TB_LOAIPHIM(TENLOAIPHIM) values(N'horror')
insert into TB_LOAIPHIM(TENLOAIPHIM) values(N'romantic')
go
-- db phim
insert into TB_PHIM(QUOCGIA,HINHANH,MOTAPHIM,THOILUONG,TENPHIM) values(N'Nhật Bản',N'Doremon.jpg',N'Doraemon: Nobita và Đảo giấu vàng, Doraemon: Đảo kho báu của Nobita 2018 Phim Doraemon: Nobita và Đảo giấu vàng “Mình sẽ tìm ra Đảo kho báu!”… Quyết tâm thực hiện kế hoạch sau khi hùng hồn tuyên bố với nhóm bạn Jaian, Suneo và Shizuka nhờ có kho báu "Bản đồ kho báu" của Doraemon, Nobita đã tìm được một hòn đảo mới bất ngờ xuất hiện giữa Thái Bình Dương ... Nobita và các bạn bắt đầu cuộc phiêu lưu của mình.',N'120',N'Nobita Và Đảo Giấu Vàng')
insert into TB_PHIM(QUOCGIA,HINHANH,MOTAPHIM,THOILUONG,TENPHIM) values(N'Mỹ',N'Endgame.jpg',N'Sau những sự kiện tàn khốc của Avengers: Infinity War (2018), vũ trụ đang dần tàn lụi. Với sự giúp đỡ của các đồng minh còn lại, các Avengers tập hợp một lần nữa để đảo ngược hành động của Thanos và khôi phục lại sự cân bằng cho vũ trụ.',N'120',N'Avengers: Hồi kết')
insert into TB_PHIM(QUOCGIA,HINHANH,MOTAPHIM,THOILUONG,TENPHIM) values(N'Mỹ',N'shawahank.jpg',N'Nhà Tù Shawshank kể về Andy Dufresne là một nhân viên ngân hàng trẻ và thành công mà cuộc sống thay đổi mạnh khi ông bị kết tội và bị kết án tù chung thân vì tội giết vợ và người yêu của mình.',N'120',N'Nhà tù Shawshank')
insert into TB_PHIM(QUOCGIA,HINHANH,MOTAPHIM,THOILUONG,TENPHIM) values(N'Mỹ',N'bogia.jpg',N'Phim Bố Già được chuyển thể từ tiểu thuyết cùng tên của nhà văn Mario Puzo. Vito Corleone là ông trùm khét tiếng nhất tại Mỹ lúc bấy giờ. Tuy nhiên, con trai út của ông - Michael sau khi trở về từ Thế chiến II quyết định không tham gia bất cứ phi vụ gì của gia đình. Nhưng trong đám cưới của con gái Vito, một trận chiến khốc liệt nổ ra trong thế giới tội phạm, Michael chứng kiến cha mình bị bọn mafia đối đầu ám sát. ',N'120',N'Bố già')
insert into TB_PHIM(QUOCGIA,HINHANH,MOTAPHIM,THOILUONG,TENPHIM) values(N'Mỹ',N'batman.jpg',N'The Dark Knight là phần tiếp theo của Batman Begins kể về thành phố Gotham bị đảo lộn do hàng loạt vụ giết người xảy ra mà không tìm ra hung thủ. Kẻ đứng sau tất cả âm mưu đen tối này là Joker (Heath Ledger), kẻ được các băng đảng trong thành phố thuê để trừ khử Người Dơi.',N'120',N'Kỵ sĩ bóng đêm')
insert into TB_PHIM(QUOCGIA,HINHANH,MOTAPHIM,THOILUONG,TENPHIM) values(N'Mỹ',N'king.jpg',N'Sự trở lại của nhà vua - The Lord of the Rings : The Return of the King là bộ phim điện ảnh phiêu lưu kỳ ảo của Mỹ, và cũng là phần phim kết thúc của bộ ba phim Chúa tể những chiếc nhẫn của đạo diễn Peter Jackson.',N'120',N'Sự trở lại của nhà vua')
insert into TB_PHIM(QUOCGIA,HINHANH,MOTAPHIM,THOILUONG,TENPHIM) values(N'Mỹ',N'Inception.jpg',N'Dom Cobb không phải là một đạo chích tầm thường, anh ta là bực thầy về đánh cắp, có thể xâm nhập vào cõi vô thức của bất kỳ người nào để đánh cắp những bí mật thầm kín nhất của người đó. Muốn thực hiện chuyện này, anh ta bước vào những giấc mơ của người đó. “Chúng ta tạo ra thế giới của giấc mơ. Chúng ta đưa đối tượng vào thế giới giấc mơ đó và đối tượng sẽ phun ra hết những bí mật, rồi chúng ta sẽ đánh cắp các bí mật đó.” ',N'120',N' Kẻ đánh cắp giấc mơ')
insert into TB_PHIM(QUOCGIA,HINHANH,MOTAPHIM,THOILUONG,TENPHIM) values(N'Mỹ',N'The_Conjuring.jpg',N'Khác với phong cách nhà ma ám trong hai phần phim trước, The Conjuring mùa mới mang đến tính hình sự sâu sắc hơn khi khai thác một trong những vụ án kinh điển của lịch sử toà án Mỹ.',N'120',N'The Conjuring')
insert into TB_PHIM(QUOCGIA,HINHANH,MOTAPHIM,THOILUONG,TENPHIM) values(N'Mỹ',N'Get_out.jpg',N'Get Out) là một bộ phim điện ảnh kinh dị Mỹ[3][4][5] được biên kịch, sản xuất và đạo diễn bởi Jordan Peele, và đây đồng thời cũng là tác phẩm điện ảnh đầu tay của anh. Phim có sự tham gia của Daniel Kaluuya, Allison Williams, Bradley Whitford, Caleb Landry Jones, Stephen Root, Lakeith Stanfield và Catherine Keener, nội dung xoay quanh một cặp đôi khác sắc tộc yêu nhau và những sự thật khủng khiếp ẩn sâu trong gia đình của cô gái.',N'120',N'Get out')
insert into TB_PHIM(QUOCGIA,HINHANH,MOTAPHIM,THOILUONG,TENPHIM) values(N'Mỹ',N'IT.jpg',N'câu chuyện về những cô cậu bé của nhóm The Losers Club. Lúc này các cô cậu bé đã trưởng thành và đối mặt với vô số vấn đề trong cuộc sống. Chưa dừng lại ở đó, ám ảnh ma hề Pennywise cứ 27 năm lại xuất hiện một lần tại thị trấn Derry buộc 7 cô cậu bé ngày nào phải tiếp tục cuốn vào cuộc chạm trán tiếp theo giữa hai bên thiện và ác.',N'120',N'IT')
insert into TB_PHIM(QUOCGIA,HINHANH,MOTAPHIM,THOILUONG,TENPHIM) values(N'Anh',N'The_Shining.jpg',N'The Shining là một bộ phim kinh dị tâm lý được đạo diễn bởi Stanley Kubrick, kịch bản được viết bởi Diane Johnson cùng với sự tham gia của các diễn viên Jack Nicholson, Shelley Duvall, Danny Lloyd và Scatman Crothers. Phim dựa trên cuốn tiểu thuyết cùng tên của nhà văn Stephen King. ',N'120',N'The Shining')
insert into TB_PHIM(QUOCGIA,HINHANH,MOTAPHIM,THOILUONG,TENPHIM) values(N'Mỹ',N'Hereditary.jpg',N'Di Truyền Di truyền học phim 2018 có sự tham gia của Toni Collette, Gabriel Byrne, Alex Wolff và Milly Shapiro trong vai một gia đình bị quỷ ám. Nói chính xác hơn, họ bị ám bởi người bà đã khuất của họ.',N'120',N'Hereditary')
insert into TB_PHIM(QUOCGIA,HINHANH,MOTAPHIM,THOILUONG,TENPHIM) values(N'Mỹ',N'Inside_Out.jpg',N'After young Riley is uprooted from her Midwest life and moved to San Francisco, her emotions - Joy, Fear, Anger, Disgust and Sadness - conflict on how best to navigate a new city, house, and school.',N'120',N'Inside Out')
insert into TB_PHIM(QUOCGIA,HINHANH,MOTAPHIM,THOILUONG,TENPHIM) values(N'Nhật Bản',N'Totoro.jpg',N'Phim Hàng Xóm Của Tôi Là Totoro Gia đình ông Kusakabe chuyển về vùng nông thôn sinh sống. Ở căn nhà mới mà họ chuyển tới bị đồn là có ma ám. ',N'120',N'My Neighbor Totoro')
insert into TB_PHIM(QUOCGIA,HINHANH,MOTAPHIM,THOILUONG,TENPHIM) values(N'Nhật Bản',N'Howl.jpg',N'When an unconfident young woman is cursed with an old body by a spiteful witch, her only chance of breaking the spell lies with a self-indulgent yet insecure young wizard and his companions in his legged, walking castle.',N'120',N'Howl Moving Castle')
insert into TB_PHIM(QUOCGIA,HINHANH,MOTAPHIM,THOILUONG,TENPHIM) values(N'Mỹ',N'Up.jpg',N'Vút Bay - Up kể về Carl Fredricksen đã dành cả cuộc đời mình để mơ khám phá thế giới và trải nghiệm cuộc sống một cách trọn vẹn nhất. Nhưng ở tuổi 78, cuộc sống dường như đã trôi qua anh ta, cho đến khi một sự xoay chuyển của số phận (và một Nhà thám hiểm Hoang dã 8 tuổi kiên trì tên là Russell) cho anh ta một hợp đồng mới về cuộc sống.',N'120',N'Up')
insert into TB_PHIM(QUOCGIA,HINHANH,MOTAPHIM,THOILUONG,TENPHIM) values(N'Tây Ban Nha',N'Klaus.jpg',N'A simple act of kindness always sparks another, even in a frozen, faraway place. When Smeerensburgs new postman, Jesper, befriends toymaker Klaus, their gifts melt an age-old feud and deliver a sleigh full of holiday traditions.',N'120',N'Klaus')
insert into TB_PHIM(QUOCGIA,HINHANH,MOTAPHIM,THOILUONG,TENPHIM) values(N'Nhật Bản',N'A_Silent_Voice.jpg',N'Nishimiya Shoko là một cô bé khiếm thính bẩm sinh. Khi học tiểu học, Shoko bị cậu bé Ishida Shoya bắt nạt. Sau đó, cô bé đột ngột chuyển trường. Từ đó, Shoya bị mang danh là “kẻ xấu tính chuyên bắt nạt”, bị bạn bè xa lánh. Nhiều năm sau, cả hai trở thành những học sinh trung học. Shoya gặp lại Shoko lần nữa. Cậu bé quyết định cố gắng để bù đắp những tổn thương ngày xưa của cô bạn gái. Thế nhưng, mọi thứ liệu có diễn ra như ý nguyện của cậu?',N'120',N'A Silent Voice')
insert into TB_PHIM(QUOCGIA,HINHANH,MOTAPHIM,THOILUONG,TENPHIM) values(N'Nhật Bản',N'Princess_Mononoke.jpg',N'Bị trúng lời nguyền chết chóc, vị hoàng tử lên đường tìm cách hóa giải, để rồi rơi vào cuộc chiến giữa một thị trấn khai thác mỏ và các loài động vật trong rừng.',N'120',N'Princess Mononoke')
insert into TB_PHIM(QUOCGIA,HINHANH,MOTAPHIM,THOILUONG,TENPHIM) values(N'Nhật Bản',N'Your_name.jpg',N'Mitsuha là cô nữ sinh sống tại vùng quê yên bình trong một thị trấn nhỏ được bao bọc xung quanh bởi núi rừng, cô có một cô em gái và gia đình cô kế thừa nghi lễ truyền thống của đền Shinto. Sau khi mẹ cô mất thì cha của cô không chịu nối nghiệp gia đình mà quyết định theo con đường chính trị. Cuộc sống thôn quê êm đềm khiến Mitsuha cảm thấy buồn tẻ và chán nản khi ở đây chẳng có bóng đèn sáng nguyên đêm, hiệu sách hay quán cà phê cũng không có, tàu chỉ đến mỗi 2 tiếng còn các cửa hàng thì 9 giờ đã đóng cửa. Cô từng mơ ước kiếp sau có thể trở thành chàng trai Tokyo thành thị.',N'120',N'Your name')
go
--tạo db cho bảng trung gian phim
insert into TB_Phim_LoaiPhim values(N'1',N'1')
insert into TB_Phim_LoaiPhim values(N'2',N'2')
insert into TB_Phim_LoaiPhim values(N'2',N'3')
insert into TB_Phim_LoaiPhim values(N'2',N'4')
insert into TB_Phim_LoaiPhim values(N'13',N'1')
insert into TB_Phim_LoaiPhim values(N'14',N'1')
insert into TB_Phim_LoaiPhim values(N'15',N'1')
insert into TB_Phim_LoaiPhim values(N'16',N'1')
insert into TB_Phim_LoaiPhim values(N'17',N'1')
insert into TB_Phim_LoaiPhim values(N'18',N'1')
insert into TB_Phim_LoaiPhim values(N'19',N'1')
insert into TB_Phim_LoaiPhim values(N'20',N'1')
insert into TB_Phim_LoaiPhim values(N'8',N'6')
insert into TB_Phim_LoaiPhim values(N'9',N'6')
insert into TB_Phim_LoaiPhim values(N'10',N'6')
insert into TB_Phim_LoaiPhim values(N'11',N'6')
insert into TB_Phim_LoaiPhim values(N'12',N'6')
insert into TB_Phim_LoaiPhim values(N'3',N'2')
insert into TB_Phim_LoaiPhim values(N'3',N'3')
insert into TB_Phim_LoaiPhim values(N'4',N'2')
insert into TB_Phim_LoaiPhim values(N'5',N'2')
insert into TB_Phim_LoaiPhim values(N'5',N'3')
insert into TB_Phim_LoaiPhim values(N'5',N'4')
insert into TB_Phim_LoaiPhim values(N'6',N'2')
insert into TB_Phim_LoaiPhim values(N'6',N'3')
insert into TB_Phim_LoaiPhim values(N'6',N'4')
insert into TB_Phim_LoaiPhim values(N'7',N'2')
insert into TB_Phim_LoaiPhim values(N'7',N'3')
insert into TB_Phim_LoaiPhim values(N'7',N'4')
GO
--tạo db cho bảng thẻ khánh hàng
insert into TB_THEKHACHHANG values( N'Nguyễn Văn Nam', N'030201077078', N'2001-09-11', N'2021-08-17',N'Đồng')
insert into TB_THEKHACHHANG values(N'Nguyễn Thị Hồng ', N'030201007078', N'1992-05-12', N'2021-02-14',N'Đồng')
insert into TB_THEKHACHHANG values( N'Nguyễn Văn Định', N'030201007079', N'1998-03-12', N'2022-02-14',N'Đồng')
insert into TB_THEKHACHHANG values( N'Nguyễn Văn Hà', N'030201007080', N'1999-02-01', N'2022-02-22',N'Đồng')
insert into TB_THEKHACHHANG values( N'Đào Văn Long', N'030201007081', N'2001-04-16', N'2022-11-11',N'Đồng')
insert into TB_THEKHACHHANG values( N'Tăng Bá Trung', N'030201007082', N'2002-07-13', N'2021-11-16',N'Đồng')
insert into TB_THEKHACHHANG values( N'Nguyễn Ngọc Phùng', N'030201007083', N'2003-09-17', N'2021-09-13',N'Đồng')
insert into TB_THEKHACHHANG values(N'Nguyễn Thị Ánh', N'030201007084', N'2003-01-18', N'2020-08-09',N'Đồng')
insert into TB_THEKHACHHANG values( N'Hoàng Ngọc Ánh ', N'030201007085', N'2000-02-12', N'2022-01-15',N'Đồng')
insert into TB_THEKHACHHANG values( N'Nguyễn Văn Đức ', N'030201007086', N'1997-06-22', N'2020-09-25',N'Đồng')
insert into TB_THEKHACHHANG values( N'Nguyễn Thế Phong', N'030201007087', N'2000-03-25', N'2021-09-19',N'Đồng')
insert into TB_THEKHACHHANG values( N'Nguyễn Khắc Tuyên', N'030201007088', N'2000-11-23', N'2021-06-13',N'Đồng')
insert into TB_THEKHACHHANG values( N'Nguyễn Khắc Dương', N'030201007089', N'2001-11-30', N'2021-09-16',N'Đồng')
insert into TB_THEKHACHHANG values( N'Nguyễn Văn Khánh', N'030201007090', N'1999-09-12', N'2021-08-15',N'Đồng')
insert into TB_THEKHACHHANG values(N'Nguyễn Khắc Hoàng', N'030201007081', N'2001-10-27', N'2021-09-11',N'Đồng')
insert into TB_THEKHACHHANG values( N'Nguyễn Ngọc Anh', N'030201007082', N'2002-06-11', N'2021-05-11',N'Đồng')
insert into TB_THEKHACHHANG values( N'Nguyễn Thế Cường ', N'030201007083', N'2003-02-21', N'2020-06-21',N'Đồng')
insert into TB_THEKHACHHANG values( N'Nguyễn Thị Dung', N'030201007084', N'2002-09-18', N'2021-02-13',N'Đồng')
insert into TB_THEKHACHHANG values( N'Nguyễn Danh lực', N'030201007085', N'2001-09-11', N'2021-05-17',N'Đồng')
insert into TB_THEKHACHHANG values( N'Nguyen Quý Lực', N'030201007086', N'2000-09-26', N'2022-01-16',N'Đồng')

--tao bang phong
insert into TB_PHONG(SOPHONG, LOAIPHONG) VALUES('1','VIP')
insert into TB_PHONG(SOPHONG, LOAIPHONG) VALUES('2','VIP')
insert into TB_PHONG(SOPHONG, LOAIPHONG) VALUES('3','THUONG')
insert into TB_PHONG(SOPHONG, LOAIPHONG) VALUES('4','THUONG')
insert into TB_PHONG(SOPHONG, LOAIPHONG) VALUES('5','THUONG')
insert into TB_PHONG(SOPHONG, LOAIPHONG) VALUES('6','THUONG')

--tao bang loai ghe
insert into TB_LOAIGHE(TENLOAIGHE, GIAGHE) VALUES(N'A','150000')
insert into TB_LOAIGHE(TENLOAIGHE, GIAGHE) VALUES(N'B','150000')
insert into TB_LOAIGHE(TENLOAIGHE, GIAGHE) VALUES(N'C','130000')
insert into TB_LOAIGHE(TENLOAIGHE, GIAGHE) VALUES(N'D','130000')
insert into TB_LOAIGHE(TENLOAIGHE, GIAGHE) VALUES(N'E','130000')
insert into TB_LOAIGHE(TENLOAIGHE, GIAGHE) VALUES(N'F','130000')


--tao bang ghe
insert into TB_GHE(SOGHE,MALOAIGHE) VALUES('1','1')
insert into TB_GHE(SOGHE,MALOAIGHE) VALUES('2','1')
insert into TB_GHE(SOGHE,MALOAIGHE) VALUES('3','1')
insert into TB_GHE(SOGHE,MALOAIGHE) VALUES('4','1')
insert into TB_GHE(SOGHE,MALOAIGHE) VALUES('5','1')
insert into TB_GHE(SOGHE,MALOAIGHE) VALUES('6','1')
insert into TB_GHE(SOGHE,MALOAIGHE) VALUES('7','1')
insert into TB_GHE(SOGHE,MALOAIGHE) VALUES('8','1')
insert into TB_GHE(SOGHE,MALOAIGHE) VALUES('9','1')
insert into TB_GHE(SOGHE,MALOAIGHE) VALUES('10','1')
insert into TB_GHE(SOGHE,MALOAIGHE) VALUES('1','2')
insert into TB_GHE(SOGHE,MALOAIGHE) VALUES('2','2')
insert into TB_GHE(SOGHE,MALOAIGHE) VALUES('3','2')
insert into TB_GHE(SOGHE,MALOAIGHE) VALUES('4','2')
insert into TB_GHE(SOGHE,MALOAIGHE) VALUES('5','2')
insert into TB_GHE(SOGHE,MALOAIGHE) VALUES('6','2')
insert into TB_GHE(SOGHE,MALOAIGHE) VALUES('7','2')
insert into TB_GHE(SOGHE,MALOAIGHE) VALUES('8','2')
insert into TB_GHE(SOGHE,MALOAIGHE) VALUES('9','2')
insert into TB_GHE(SOGHE,MALOAIGHE) VALUES('10','2')
insert into TB_GHE(SOGHE,MALOAIGHE) VALUES('1','3')
insert into TB_GHE(SOGHE,MALOAIGHE) VALUES('2','3')
insert into TB_GHE(SOGHE,MALOAIGHE) VALUES('3','3')
insert into TB_GHE(SOGHE,MALOAIGHE) VALUES('4','3')
insert into TB_GHE(SOGHE,MALOAIGHE) VALUES('5','3')
insert into TB_GHE(SOGHE,MALOAIGHE) VALUES('6','3')
insert into TB_GHE(SOGHE,MALOAIGHE) VALUES('7','3')
insert into TB_GHE(SOGHE,MALOAIGHE) VALUES('8','3')
insert into TB_GHE(SOGHE,MALOAIGHE) VALUES('9','3')
insert into TB_GHE(SOGHE,MALOAIGHE) VALUES('10','3')
insert into TB_GHE(SOGHE,MALOAIGHE) VALUES('1','4')
insert into TB_GHE(SOGHE,MALOAIGHE) VALUES('2','4')
insert into TB_GHE(SOGHE,MALOAIGHE) VALUES('3','4')
insert into TB_GHE(SOGHE,MALOAIGHE) VALUES('4','4')
insert into TB_GHE(SOGHE,MALOAIGHE) VALUES('5','4')
insert into TB_GHE(SOGHE,MALOAIGHE) VALUES('6','4')
insert into TB_GHE(SOGHE,MALOAIGHE) VALUES('7','4')
insert into TB_GHE(SOGHE,MALOAIGHE) VALUES('8','4')
insert into TB_GHE(SOGHE,MALOAIGHE) VALUES('9','4')
insert into TB_GHE(SOGHE,MALOAIGHE) VALUES('10','4')
insert into TB_GHE(SOGHE,MALOAIGHE) VALUES('1','5')
insert into TB_GHE(SOGHE,MALOAIGHE) VALUES('2','5')
insert into TB_GHE(SOGHE,MALOAIGHE) VALUES('3','5')
insert into TB_GHE(SOGHE,MALOAIGHE) VALUES('4','5')
insert into TB_GHE(SOGHE,MALOAIGHE) VALUES('5','5')
insert into TB_GHE(SOGHE,MALOAIGHE) VALUES('6','5')
insert into TB_GHE(SOGHE,MALOAIGHE) VALUES('7','5')
insert into TB_GHE(SOGHE,MALOAIGHE) VALUES('8','5')
insert into TB_GHE(SOGHE,MALOAIGHE) VALUES('9','5')
insert into TB_GHE(SOGHE,MALOAIGHE) VALUES('10','5')


--tao bang phu ghe trong phong
insert into TB_GHE_TRONG_PHONG(MAGHE,MAPHONG,TRANGTHAI) values('1','1',N'Ghế đã bán')
insert into TB_GHE_TRONG_PHONG(MAGHE,MAPHONG,TRANGTHAI) values('2','1',N'Ghế trống')
insert into TB_GHE_TRONG_PHONG(MAGHE,MAPHONG,TRANGTHAI) values('3','1',N'Ghế đang chọn')
insert into TB_GHE_TRONG_PHONG(MAGHE,MAPHONG,TRANGTHAI) values('4','1',N'Ghế đang chọn')
insert into TB_GHE_TRONG_PHONG(MAGHE,MAPHONG,TRANGTHAI) values('5','1',N'Ghế trống')
insert into TB_GHE_TRONG_PHONG(MAGHE,MAPHONG,TRANGTHAI) values('6','1',N'Ghế trống')
insert into TB_GHE_TRONG_PHONG(MAGHE,MAPHONG,TRANGTHAI) values('7','1',N'Ghế đã bán')
insert into TB_GHE_TRONG_PHONG(MAGHE,MAPHONG,TRANGTHAI) values('8','1',N'Ghế trống')
insert into TB_GHE_TRONG_PHONG(MAGHE,MAPHONG,TRANGTHAI) values('9','1',N'Ghế đang chọn')
insert into TB_GHE_TRONG_PHONG(MAGHE,MAPHONG,TRANGTHAI) values('10','1',N'Ghế trống')
insert into TB_GHE_TRONG_PHONG(MAGHE,MAPHONG,TRANGTHAI) values('11','1',N'Ghế trống')
insert into TB_GHE_TRONG_PHONG(MAGHE,MAPHONG,TRANGTHAI) values('12','1',N'Ghế đang chọn')
insert into TB_GHE_TRONG_PHONG(MAGHE,MAPHONG,TRANGTHAI) values('13','1',N'Ghế trống')
insert into TB_GHE_TRONG_PHONG(MAGHE,MAPHONG,TRANGTHAI) values('14','1',N'Ghế trống')
insert into TB_GHE_TRONG_PHONG(MAGHE,MAPHONG,TRANGTHAI) values('15','1',N'Ghế đã bán')
insert into TB_GHE_TRONG_PHONG(MAGHE,MAPHONG,TRANGTHAI) values('16','1',N'Ghế trống')
insert into TB_GHE_TRONG_PHONG(MAGHE,MAPHONG,TRANGTHAI) values('17','1',N'Ghế trống')
insert into TB_GHE_TRONG_PHONG(MAGHE,MAPHONG,TRANGTHAI) values('18','1',N'Ghế đang chọn')
insert into TB_GHE_TRONG_PHONG(MAGHE,MAPHONG,TRANGTHAI) values('19','1',N'Ghế đang chọn')
insert into TB_GHE_TRONG_PHONG(MAGHE,MAPHONG,TRANGTHAI) values('20','1',N'Ghế trống')
insert into TB_GHE_TRONG_PHONG(MAGHE,MAPHONG,TRANGTHAI) values('21','1',N'Ghế trống')
insert into TB_GHE_TRONG_PHONG(MAGHE,MAPHONG,TRANGTHAI) values('22','1',N'Ghế đã bán')
insert into TB_GHE_TRONG_PHONG(MAGHE,MAPHONG,TRANGTHAI) values('23','1',N'Ghế đã bán')
insert into TB_GHE_TRONG_PHONG(MAGHE,MAPHONG,TRANGTHAI) values('24','1',N'Ghế trống')
insert into TB_GHE_TRONG_PHONG(MAGHE,MAPHONG,TRANGTHAI) values('25','1',N'Ghế trống')
insert into TB_GHE_TRONG_PHONG(MAGHE,MAPHONG,TRANGTHAI) values('26','1',N'Ghế trống')
insert into TB_GHE_TRONG_PHONG(MAGHE,MAPHONG,TRANGTHAI) values('27','1',N'Ghế trống')
insert into TB_GHE_TRONG_PHONG(MAGHE,MAPHONG,TRANGTHAI) values('28','1',N'Ghế trống')
insert into TB_GHE_TRONG_PHONG(MAGHE,MAPHONG,TRANGTHAI) values('29','1',N'Ghế đang chọn')
insert into TB_GHE_TRONG_PHONG(MAGHE,MAPHONG,TRANGTHAI) values('30','1',N'Ghế đang chọn')
insert into TB_GHE_TRONG_PHONG(MAGHE,MAPHONG,TRANGTHAI) values('31','1',N'Ghế trống')
insert into TB_GHE_TRONG_PHONG(MAGHE,MAPHONG,TRANGTHAI) values('32','1',N'Ghế đã bán')
insert into TB_GHE_TRONG_PHONG(MAGHE,MAPHONG,TRANGTHAI) values('33','1',N'Ghế đã bán')
insert into TB_GHE_TRONG_PHONG(MAGHE,MAPHONG,TRANGTHAI) values('34','1',N'Ghế trống')
insert into TB_GHE_TRONG_PHONG(MAGHE,MAPHONG,TRANGTHAI) values('35','1',N'Ghế đang chọn')
insert into TB_GHE_TRONG_PHONG(MAGHE,MAPHONG,TRANGTHAI) values('36','1',N'Ghế đang chọn')
insert into TB_GHE_TRONG_PHONG(MAGHE,MAPHONG,TRANGTHAI) values('37','1',N'Ghế trống')
insert into TB_GHE_TRONG_PHONG(MAGHE,MAPHONG,TRANGTHAI) values('38','1',N'Ghế trống')
insert into TB_GHE_TRONG_PHONG(MAGHE,MAPHONG,TRANGTHAI) values('39','1',N'Ghế trống')
insert into TB_GHE_TRONG_PHONG(MAGHE,MAPHONG,TRANGTHAI) values('40','1',N'Ghế đã bán')
insert into TB_GHE_TRONG_PHONG(MAGHE,MAPHONG,TRANGTHAI) values('41','1',N'Ghế đã bán')
insert into TB_GHE_TRONG_PHONG(MAGHE,MAPHONG,TRANGTHAI) values('42','1',N'Ghế trống')
insert into TB_GHE_TRONG_PHONG(MAGHE,MAPHONG,TRANGTHAI) values('43','1',N'Ghế trống')
insert into TB_GHE_TRONG_PHONG(MAGHE,MAPHONG,TRANGTHAI) values('44','1',N'Ghế trống')
insert into TB_GHE_TRONG_PHONG(MAGHE,MAPHONG,TRANGTHAI) values('45','1',N'Ghế đang chọn')
insert into TB_GHE_TRONG_PHONG(MAGHE,MAPHONG,TRANGTHAI) values('46','1',N'Ghế đang chọn')
insert into TB_GHE_TRONG_PHONG(MAGHE,MAPHONG,TRANGTHAI) values('47','1',N'Ghế trống')
insert into TB_GHE_TRONG_PHONG(MAGHE,MAPHONG,TRANGTHAI) values('48','1',N'Ghế đã bán')
insert into TB_GHE_TRONG_PHONG(MAGHE,MAPHONG,TRANGTHAI) values('49','1',N'Ghế đã bán')
insert into TB_GHE_TRONG_PHONG(MAGHE,MAPHONG,TRANGTHAI) values('50','1',N'Ghế trống')
insert into TB_GHE_TRONG_PHONG(MAGHE,MAPHONG,TRANGTHAI) values('1','2',N'Ghế trống')
insert into TB_GHE_TRONG_PHONG(MAGHE,MAPHONG,TRANGTHAI) values('2','2',N'Ghế trống')
insert into TB_GHE_TRONG_PHONG(MAGHE,MAPHONG,TRANGTHAI) values('3','2',N'Ghế đang chọn')
insert into TB_GHE_TRONG_PHONG(MAGHE,MAPHONG,TRANGTHAI) values('4','2',N'Ghế đang chọn')
insert into TB_GHE_TRONG_PHONG(MAGHE,MAPHONG,TRANGTHAI) values('5','2',N'Ghế trống')
insert into TB_GHE_TRONG_PHONG(MAGHE,MAPHONG,TRANGTHAI) values('6','2',N'Ghế trống')
insert into TB_GHE_TRONG_PHONG(MAGHE,MAPHONG,TRANGTHAI) values('7','2',N'Ghế trống')
insert into TB_GHE_TRONG_PHONG(MAGHE,MAPHONG,TRANGTHAI) values('8','2',N'Ghế đã bán')
insert into TB_GHE_TRONG_PHONG(MAGHE,MAPHONG,TRANGTHAI) values('9','2',N'Ghế đã bán')
insert into TB_GHE_TRONG_PHONG(MAGHE,MAPHONG,TRANGTHAI) values('10','2',N'Ghế trống')
insert into TB_GHE_TRONG_PHONG(MAGHE,MAPHONG,TRANGTHAI) values('11','2',N'Ghế trống')
insert into TB_GHE_TRONG_PHONG(MAGHE,MAPHONG,TRANGTHAI) values('12','2',N'Ghế trống')
insert into TB_GHE_TRONG_PHONG(MAGHE,MAPHONG,TRANGTHAI) values('13','2',N'Ghế đã bán')
insert into TB_GHE_TRONG_PHONG(MAGHE,MAPHONG,TRANGTHAI) values('14','2',N'Ghế đã bán')
insert into TB_GHE_TRONG_PHONG(MAGHE,MAPHONG,TRANGTHAI) values('15','2',N'Ghế trống')
insert into TB_GHE_TRONG_PHONG(MAGHE,MAPHONG,TRANGTHAI) values('16','2',N'Ghế trống')
insert into TB_GHE_TRONG_PHONG(MAGHE,MAPHONG,TRANGTHAI) values('17','2',N'Ghế đang chọn')
insert into TB_GHE_TRONG_PHONG(MAGHE,MAPHONG,TRANGTHAI) values('18','2',N'Ghế đang chọn')
insert into TB_GHE_TRONG_PHONG(MAGHE,MAPHONG,TRANGTHAI) values('19','2',N'Ghế trống')
insert into TB_GHE_TRONG_PHONG(MAGHE,MAPHONG,TRANGTHAI) values('20','2',N'Ghế trống')
insert into TB_GHE_TRONG_PHONG(MAGHE,MAPHONG,TRANGTHAI) values('21','2',N'Ghế trống')
insert into TB_GHE_TRONG_PHONG(MAGHE,MAPHONG,TRANGTHAI) values('22','2',N'Ghế đang chọn')
insert into TB_GHE_TRONG_PHONG(MAGHE,MAPHONG,TRANGTHAI) values('23','2',N'Ghế trống')
insert into TB_GHE_TRONG_PHONG(MAGHE,MAPHONG,TRANGTHAI) values('24','2',N'Ghế đang chọn')
insert into TB_GHE_TRONG_PHONG(MAGHE,MAPHONG,TRANGTHAI) values('25','2',N'Ghế trống')
insert into TB_GHE_TRONG_PHONG(MAGHE,MAPHONG,TRANGTHAI) values('26','2',N'Ghế trống')
insert into TB_GHE_TRONG_PHONG(MAGHE,MAPHONG,TRANGTHAI) values('27','2',N'Ghế đã bán')
insert into TB_GHE_TRONG_PHONG(MAGHE,MAPHONG,TRANGTHAI) values('28','2',N'Ghế đã bán')
insert into TB_GHE_TRONG_PHONG(MAGHE,MAPHONG,TRANGTHAI) values('29','2',N'Ghế trống')
insert into TB_GHE_TRONG_PHONG(MAGHE,MAPHONG,TRANGTHAI) values('30','2',N'Ghế trống')
insert into TB_GHE_TRONG_PHONG(MAGHE,MAPHONG,TRANGTHAI) values('31','2',N'Ghế trống')
insert into TB_GHE_TRONG_PHONG(MAGHE,MAPHONG,TRANGTHAI) values('32','2',N'Ghế trống')
insert into TB_GHE_TRONG_PHONG(MAGHE,MAPHONG,TRANGTHAI) values('33','2',N'Ghế đã bán')
insert into TB_GHE_TRONG_PHONG(MAGHE,MAPHONG,TRANGTHAI) values('34','2',N'Ghế đã bán')
insert into TB_GHE_TRONG_PHONG(MAGHE,MAPHONG,TRANGTHAI) values('35','2',N'Ghế trống')
insert into TB_GHE_TRONG_PHONG(MAGHE,MAPHONG,TRANGTHAI) values('36','2',N'Ghế đang chọn')
insert into TB_GHE_TRONG_PHONG(MAGHE,MAPHONG,TRANGTHAI) values('37','2',N'Ghế trống')
insert into TB_GHE_TRONG_PHONG(MAGHE,MAPHONG,TRANGTHAI) values('38','2',N'Ghế đang chọn')
insert into TB_GHE_TRONG_PHONG(MAGHE,MAPHONG,TRANGTHAI) values('39','2',N'Ghế trống')
insert into TB_GHE_TRONG_PHONG(MAGHE,MAPHONG,TRANGTHAI) values('40','2',N'Ghế đã bán')
insert into TB_GHE_TRONG_PHONG(MAGHE,MAPHONG,TRANGTHAI) values('41','2',N'Ghế đã bán')
insert into TB_GHE_TRONG_PHONG(MAGHE,MAPHONG,TRANGTHAI) values('42','2',N'Ghế trống')
insert into TB_GHE_TRONG_PHONG(MAGHE,MAPHONG,TRANGTHAI) values('43','2',N'Ghế đang chọn')
insert into TB_GHE_TRONG_PHONG(MAGHE,MAPHONG,TRANGTHAI) values('44','2',N'Ghế đang chọn')
insert into TB_GHE_TRONG_PHONG(MAGHE,MAPHONG,TRANGTHAI) values('45','2',N'Ghế trống')
insert into TB_GHE_TRONG_PHONG(MAGHE,MAPHONG,TRANGTHAI) values('46','2',N'Ghế trống')
insert into TB_GHE_TRONG_PHONG(MAGHE,MAPHONG,TRANGTHAI) values('47','2',N'Ghế trống')
insert into TB_GHE_TRONG_PHONG(MAGHE,MAPHONG,TRANGTHAI) values('48','2',N'Ghế trống')
insert into TB_GHE_TRONG_PHONG(MAGHE,MAPHONG,TRANGTHAI) values('49','2',N'Ghế trống')
insert into TB_GHE_TRONG_PHONG(MAGHE,MAPHONG,TRANGTHAI) values('50','2',N'Ghế đã bán')
insert into TB_GHE_TRONG_PHONG(MAGHE,MAPHONG,TRANGTHAI) values('1','3',N'Ghế đã bán')
insert into TB_GHE_TRONG_PHONG(MAGHE,MAPHONG,TRANGTHAI) values('2','3',N'Ghế đã bán')
insert into TB_GHE_TRONG_PHONG(MAGHE,MAPHONG,TRANGTHAI) values('3','3',N'Ghế trống')
insert into TB_GHE_TRONG_PHONG(MAGHE,MAPHONG,TRANGTHAI) values('4','3',N'Ghế trống')
insert into TB_GHE_TRONG_PHONG(MAGHE,MAPHONG,TRANGTHAI) values('5','3',N'Ghế trống')
insert into TB_GHE_TRONG_PHONG(MAGHE,MAPHONG,TRANGTHAI) values('6','3',N'Ghế trống')
insert into TB_GHE_TRONG_PHONG(MAGHE,MAPHONG,TRANGTHAI) values('7','3',N'Ghế đang chọn')
insert into TB_GHE_TRONG_PHONG(MAGHE,MAPHONG,TRANGTHAI) values('8','3',N'Ghế trống')
insert into TB_GHE_TRONG_PHONG(MAGHE,MAPHONG,TRANGTHAI) values('9','3',N'Ghế trống')
insert into TB_GHE_TRONG_PHONG(MAGHE,MAPHONG,TRANGTHAI) values('10','3',N'Ghế đã bán')
insert into TB_GHE_TRONG_PHONG(MAGHE,MAPHONG,TRANGTHAI) values('11','3',N'Ghế đã bán')
insert into TB_GHE_TRONG_PHONG(MAGHE,MAPHONG,TRANGTHAI) values('12','3',N'Ghế trống')
insert into TB_GHE_TRONG_PHONG(MAGHE,MAPHONG,TRANGTHAI) values('13','3',N'Ghế trống')
insert into TB_GHE_TRONG_PHONG(MAGHE,MAPHONG,TRANGTHAI) values('14','3',N'Ghế trống')
insert into TB_GHE_TRONG_PHONG(MAGHE,MAPHONG,TRANGTHAI) values('15','3',N'Ghế đang chọn')
insert into TB_GHE_TRONG_PHONG(MAGHE,MAPHONG,TRANGTHAI) values('16','3',N'Ghế trống')
insert into TB_GHE_TRONG_PHONG(MAGHE,MAPHONG,TRANGTHAI) values('17','3',N'Ghế trống')
insert into TB_GHE_TRONG_PHONG(MAGHE,MAPHONG,TRANGTHAI) values('18','3',N'Ghế đang chọn')
insert into TB_GHE_TRONG_PHONG(MAGHE,MAPHONG,TRANGTHAI) values('19','3',N'Ghế trống')
insert into TB_GHE_TRONG_PHONG(MAGHE,MAPHONG,TRANGTHAI) values('20','3',N'Ghế đã bán')
insert into TB_GHE_TRONG_PHONG(MAGHE,MAPHONG,TRANGTHAI) values('21','3',N'Ghế đã bán')
insert into TB_GHE_TRONG_PHONG(MAGHE,MAPHONG,TRANGTHAI) values('22','3',N'Ghế trống')
insert into TB_GHE_TRONG_PHONG(MAGHE,MAPHONG,TRANGTHAI) values('23','3',N'Ghế trống')
insert into TB_GHE_TRONG_PHONG(MAGHE,MAPHONG,TRANGTHAI) values('24','3',N'Ghế trống')
insert into TB_GHE_TRONG_PHONG(MAGHE,MAPHONG,TRANGTHAI) values('25','3',N'Ghế trống')
insert into TB_GHE_TRONG_PHONG(MAGHE,MAPHONG,TRANGTHAI) values('26','3',N'Ghế trống')
insert into TB_GHE_TRONG_PHONG(MAGHE,MAPHONG,TRANGTHAI) values('27','3',N'Ghế trống')
insert into TB_GHE_TRONG_PHONG(MAGHE,MAPHONG,TRANGTHAI) values('28','3',N'Ghế đang chọn')
insert into TB_GHE_TRONG_PHONG(MAGHE,MAPHONG,TRANGTHAI) values('29','3',N'Ghế đang chọn')
insert into TB_GHE_TRONG_PHONG(MAGHE,MAPHONG,TRANGTHAI) values('30','3',N'Ghế trống')
insert into TB_GHE_TRONG_PHONG(MAGHE,MAPHONG,TRANGTHAI) values('31','3',N'Ghế trống')
insert into TB_GHE_TRONG_PHONG(MAGHE,MAPHONG,TRANGTHAI) values('32','3',N'Ghế trống')
insert into TB_GHE_TRONG_PHONG(MAGHE,MAPHONG,TRANGTHAI) values('33','3',N'Ghế đang chọn')
insert into TB_GHE_TRONG_PHONG(MAGHE,MAPHONG,TRANGTHAI) values('34','3',N'Ghế đang chọn')
insert into TB_GHE_TRONG_PHONG(MAGHE,MAPHONG,TRANGTHAI) values('35','3',N'Ghế đang chọn')
insert into TB_GHE_TRONG_PHONG(MAGHE,MAPHONG,TRANGTHAI) values('36','3',N'Ghế trống')
insert into TB_GHE_TRONG_PHONG(MAGHE,MAPHONG,TRANGTHAI) values('37','3',N'Ghế trống')
insert into TB_GHE_TRONG_PHONG(MAGHE,MAPHONG,TRANGTHAI) values('38','3',N'Ghế trống')
insert into TB_GHE_TRONG_PHONG(MAGHE,MAPHONG,TRANGTHAI) values('39','3',N'Ghế trống')
insert into TB_GHE_TRONG_PHONG(MAGHE,MAPHONG,TRANGTHAI) values('40','3',N'Ghế đã bán')
insert into TB_GHE_TRONG_PHONG(MAGHE,MAPHONG,TRANGTHAI) values('41','3',N'Ghế đã bán')
insert into TB_GHE_TRONG_PHONG(MAGHE,MAPHONG,TRANGTHAI) values('42','3',N'Ghế trống')
insert into TB_GHE_TRONG_PHONG(MAGHE,MAPHONG,TRANGTHAI) values('43','3',N'Ghế trống')
insert into TB_GHE_TRONG_PHONG(MAGHE,MAPHONG,TRANGTHAI) values('44','3',N'Ghế đã bán')
insert into TB_GHE_TRONG_PHONG(MAGHE,MAPHONG,TRANGTHAI) values('45','3',N'Ghế đã bán')
insert into TB_GHE_TRONG_PHONG(MAGHE,MAPHONG,TRANGTHAI) values('46','3',N'Ghế trống')
insert into TB_GHE_TRONG_PHONG(MAGHE,MAPHONG,TRANGTHAI) values('47','3',N'Ghế đang chọn')
insert into TB_GHE_TRONG_PHONG(MAGHE,MAPHONG,TRANGTHAI) values('48','3',N'Ghế đang chọn')
insert into TB_GHE_TRONG_PHONG(MAGHE,MAPHONG,TRANGTHAI) values('49','3',N'Ghế trống')
insert into TB_GHE_TRONG_PHONG(MAGHE,MAPHONG,TRANGTHAI) values('50','3',N'Ghế trống')
insert into TB_GHE_TRONG_PHONG(MAGHE,MAPHONG,TRANGTHAI) values('1','4',N'Ghế trống')
insert into TB_GHE_TRONG_PHONG(MAGHE,MAPHONG,TRANGTHAI) values('2','4',N'Ghế trống')
insert into TB_GHE_TRONG_PHONG(MAGHE,MAPHONG,TRANGTHAI) values('3','4',N'Ghế trống')
insert into TB_GHE_TRONG_PHONG(MAGHE,MAPHONG,TRANGTHAI) values('4','4',N'Ghế trống')
insert into TB_GHE_TRONG_PHONG(MAGHE,MAPHONG,TRANGTHAI) values('5','4',N'Ghế trống')
insert into TB_GHE_TRONG_PHONG(MAGHE,MAPHONG,TRANGTHAI) values('6','4',N'Ghế đang chọn')
insert into TB_GHE_TRONG_PHONG(MAGHE,MAPHONG,TRANGTHAI) values('7','4',N'Ghế đang chọn')
insert into TB_GHE_TRONG_PHONG(MAGHE,MAPHONG,TRANGTHAI) values('8','4',N'Ghế trống')
insert into TB_GHE_TRONG_PHONG(MAGHE,MAPHONG,TRANGTHAI) values('9','4',N'Ghế đã bán')
insert into TB_GHE_TRONG_PHONG(MAGHE,MAPHONG,TRANGTHAI) values('10','4',N'Ghế trống')
insert into TB_GHE_TRONG_PHONG(MAGHE,MAPHONG,TRANGTHAI) values('11','4',N'Ghế đang chọn')
insert into TB_GHE_TRONG_PHONG(MAGHE,MAPHONG,TRANGTHAI) values('12','4',N'Ghế đang chọn')
insert into TB_GHE_TRONG_PHONG(MAGHE,MAPHONG,TRANGTHAI) values('13','4',N'Ghế trống')
insert into TB_GHE_TRONG_PHONG(MAGHE,MAPHONG,TRANGTHAI) values('14','4',N'Ghế trống')
insert into TB_GHE_TRONG_PHONG(MAGHE,MAPHONG,TRANGTHAI) values('15','4',N'Ghế trống')
insert into TB_GHE_TRONG_PHONG(MAGHE,MAPHONG,TRANGTHAI) values('16','4',N'Ghế đã bán')
insert into TB_GHE_TRONG_PHONG(MAGHE,MAPHONG,TRANGTHAI) values('17','4',N'Ghế đã bán')
insert into TB_GHE_TRONG_PHONG(MAGHE,MAPHONG,TRANGTHAI) values('18','4',N'Ghế trống')
insert into TB_GHE_TRONG_PHONG(MAGHE,MAPHONG,TRANGTHAI) values('19','4',N'Ghế trống')
insert into TB_GHE_TRONG_PHONG(MAGHE,MAPHONG,TRANGTHAI) values('20','4',N'Ghế trống')
insert into TB_GHE_TRONG_PHONG(MAGHE,MAPHONG,TRANGTHAI) values('21','4',N'Ghế trống')
insert into TB_GHE_TRONG_PHONG(MAGHE,MAPHONG,TRANGTHAI) values('22','4',N'Ghế đã bán')
insert into TB_GHE_TRONG_PHONG(MAGHE,MAPHONG,TRANGTHAI) values('23','4',N'Ghế trống')
insert into TB_GHE_TRONG_PHONG(MAGHE,MAPHONG,TRANGTHAI) values('24','4',N'Ghế trống')
insert into TB_GHE_TRONG_PHONG(MAGHE,MAPHONG,TRANGTHAI) values('25','4',N'Ghế đang chọn')
insert into TB_GHE_TRONG_PHONG(MAGHE,MAPHONG,TRANGTHAI) values('26','4',N'Ghế đang chọn')
insert into TB_GHE_TRONG_PHONG(MAGHE,MAPHONG,TRANGTHAI) values('27','4',N'Ghế trống')
insert into TB_GHE_TRONG_PHONG(MAGHE,MAPHONG,TRANGTHAI) values('28','4',N'Ghế đã bán')
insert into TB_GHE_TRONG_PHONG(MAGHE,MAPHONG,TRANGTHAI) values('29','4',N'Ghế trống')
insert into TB_GHE_TRONG_PHONG(MAGHE,MAPHONG,TRANGTHAI) values('30','4',N'Ghế đang chọn')
insert into TB_GHE_TRONG_PHONG(MAGHE,MAPHONG,TRANGTHAI) values('31','4',N'Ghế đang chọn')
insert into TB_GHE_TRONG_PHONG(MAGHE,MAPHONG,TRANGTHAI) values('32','4',N'Ghế trống')
insert into TB_GHE_TRONG_PHONG(MAGHE,MAPHONG,TRANGTHAI) values('33','4',N'Ghế trống')
insert into TB_GHE_TRONG_PHONG(MAGHE,MAPHONG,TRANGTHAI) values('34','4',N'Ghế đã bán')
insert into TB_GHE_TRONG_PHONG(MAGHE,MAPHONG,TRANGTHAI) values('35','4',N'Ghế đã bán')
insert into TB_GHE_TRONG_PHONG(MAGHE,MAPHONG,TRANGTHAI) values('36','4',N'Ghế trống')
insert into TB_GHE_TRONG_PHONG(MAGHE,MAPHONG,TRANGTHAI) values('37','4',N'Ghế đang chọn')
insert into TB_GHE_TRONG_PHONG(MAGHE,MAPHONG,TRANGTHAI) values('38','4',N'Ghế trống')
insert into TB_GHE_TRONG_PHONG(MAGHE,MAPHONG,TRANGTHAI) values('39','4',N'Ghế trống')
insert into TB_GHE_TRONG_PHONG(MAGHE,MAPHONG,TRANGTHAI) values('40','4',N'Ghế đang chọn')
insert into TB_GHE_TRONG_PHONG(MAGHE,MAPHONG,TRANGTHAI) values('41','4',N'Ghế trống')
insert into TB_GHE_TRONG_PHONG(MAGHE,MAPHONG,TRANGTHAI) values('42','4',N'Ghế trống')
insert into TB_GHE_TRONG_PHONG(MAGHE,MAPHONG,TRANGTHAI) values('43','4',N'Ghế trống')
insert into TB_GHE_TRONG_PHONG(MAGHE,MAPHONG,TRANGTHAI) values('44','4',N'Ghế đang chọn')
insert into TB_GHE_TRONG_PHONG(MAGHE,MAPHONG,TRANGTHAI) values('45','4',N'Ghế đang chọn')
insert into TB_GHE_TRONG_PHONG(MAGHE,MAPHONG,TRANGTHAI) values('46','4',N'Ghế trống')
insert into TB_GHE_TRONG_PHONG(MAGHE,MAPHONG,TRANGTHAI) values('47','4',N'Ghế trống')
insert into TB_GHE_TRONG_PHONG(MAGHE,MAPHONG,TRANGTHAI) values('48','4',N'Ghế trống')
insert into TB_GHE_TRONG_PHONG(MAGHE,MAPHONG,TRANGTHAI) values('49','4',N'Ghế đang chọn')
insert into TB_GHE_TRONG_PHONG(MAGHE,MAPHONG,TRANGTHAI) values('50','4',N'Ghế đang chọn')
insert into TB_GHE_TRONG_PHONG(MAGHE,MAPHONG,TRANGTHAI) values('1','5',N'Ghế trống')
insert into TB_GHE_TRONG_PHONG(MAGHE,MAPHONG,TRANGTHAI) values('2','5',N'Ghế trống')
insert into TB_GHE_TRONG_PHONG(MAGHE,MAPHONG,TRANGTHAI) values('3','5',N'Ghế trống')
insert into TB_GHE_TRONG_PHONG(MAGHE,MAPHONG,TRANGTHAI) values('4','5',N'Ghế trống')
insert into TB_GHE_TRONG_PHONG(MAGHE,MAPHONG,TRANGTHAI) values('5','5',N'Ghế đang chọn')
insert into TB_GHE_TRONG_PHONG(MAGHE,MAPHONG,TRANGTHAI) values('6','5',N'Ghế đang chọn')
insert into TB_GHE_TRONG_PHONG(MAGHE,MAPHONG,TRANGTHAI) values('7','5',N'Ghế trống')
insert into TB_GHE_TRONG_PHONG(MAGHE,MAPHONG,TRANGTHAI) values('8','5',N'Ghế đã bán')
insert into TB_GHE_TRONG_PHONG(MAGHE,MAPHONG,TRANGTHAI) values('9','5',N'Ghế đã bán')
insert into TB_GHE_TRONG_PHONG(MAGHE,MAPHONG,TRANGTHAI) values('10','5',N'Ghế trống')
insert into TB_GHE_TRONG_PHONG(MAGHE,MAPHONG,TRANGTHAI) values('11','5',N'Ghế đã bán')
insert into TB_GHE_TRONG_PHONG(MAGHE,MAPHONG,TRANGTHAI) values('12','5',N'Ghế đã bán')
insert into TB_GHE_TRONG_PHONG(MAGHE,MAPHONG,TRANGTHAI) values('13','5',N'Ghế trống')
insert into TB_GHE_TRONG_PHONG(MAGHE,MAPHONG,TRANGTHAI) values('14','5',N'Ghế trống')
insert into TB_GHE_TRONG_PHONG(MAGHE,MAPHONG,TRANGTHAI) values('15','5',N'Ghế đang chọn')
insert into TB_GHE_TRONG_PHONG(MAGHE,MAPHONG,TRANGTHAI) values('16','5',N'Ghế trống')
insert into TB_GHE_TRONG_PHONG(MAGHE,MAPHONG,TRANGTHAI) values('17','5',N'Ghế trống')
insert into TB_GHE_TRONG_PHONG(MAGHE,MAPHONG,TRANGTHAI) values('18','5',N'Ghế trống')
insert into TB_GHE_TRONG_PHONG(MAGHE,MAPHONG,TRANGTHAI) values('19','5',N'Ghế trống')
insert into TB_GHE_TRONG_PHONG(MAGHE,MAPHONG,TRANGTHAI) values('20','5',N'Ghế trống')
insert into TB_GHE_TRONG_PHONG(MAGHE,MAPHONG,TRANGTHAI) values('21','5',N'Ghế đang chọn')
insert into TB_GHE_TRONG_PHONG(MAGHE,MAPHONG,TRANGTHAI) values('22','5',N'Ghế đang chọn')
insert into TB_GHE_TRONG_PHONG(MAGHE,MAPHONG,TRANGTHAI) values('23','5',N'Ghế đã bán')
insert into TB_GHE_TRONG_PHONG(MAGHE,MAPHONG,TRANGTHAI) values('24','5',N'Ghế đã bán')
insert into TB_GHE_TRONG_PHONG(MAGHE,MAPHONG,TRANGTHAI) values('25','5',N'Ghế đang chọn')
insert into TB_GHE_TRONG_PHONG(MAGHE,MAPHONG,TRANGTHAI) values('26','5',N'Ghế trống')
insert into TB_GHE_TRONG_PHONG(MAGHE,MAPHONG,TRANGTHAI) values('27','5',N'Ghế trống')
insert into TB_GHE_TRONG_PHONG(MAGHE,MAPHONG,TRANGTHAI) values('28','5',N'Ghế trống')
insert into TB_GHE_TRONG_PHONG(MAGHE,MAPHONG,TRANGTHAI) values('29','5',N'Ghế đang chọn')
insert into TB_GHE_TRONG_PHONG(MAGHE,MAPHONG,TRANGTHAI) values('30','5',N'Ghế trống')
insert into TB_GHE_TRONG_PHONG(MAGHE,MAPHONG,TRANGTHAI) values('31','5',N'Ghế đã bán')
insert into TB_GHE_TRONG_PHONG(MAGHE,MAPHONG,TRANGTHAI) values('32','5',N'Ghế đã bán')
insert into TB_GHE_TRONG_PHONG(MAGHE,MAPHONG,TRANGTHAI) values('33','5',N'Ghế trống')
insert into TB_GHE_TRONG_PHONG(MAGHE,MAPHONG,TRANGTHAI) values('34','5',N'Ghế đang chọn')
insert into TB_GHE_TRONG_PHONG(MAGHE,MAPHONG,TRANGTHAI) values('35','5',N'Ghế trống')
insert into TB_GHE_TRONG_PHONG(MAGHE,MAPHONG,TRANGTHAI) values('36','5',N'Ghế trống')
insert into TB_GHE_TRONG_PHONG(MAGHE,MAPHONG,TRANGTHAI) values('37','5',N'Ghế trống')
insert into TB_GHE_TRONG_PHONG(MAGHE,MAPHONG,TRANGTHAI) values('38','5',N'Ghế đã bán')
insert into TB_GHE_TRONG_PHONG(MAGHE,MAPHONG,TRANGTHAI) values('39','5',N'Ghế đã bán')
insert into TB_GHE_TRONG_PHONG(MAGHE,MAPHONG,TRANGTHAI) values('40','5',N'Ghế trống')
insert into TB_GHE_TRONG_PHONG(MAGHE,MAPHONG,TRANGTHAI) values('41','5',N'Ghế đang chọn')
insert into TB_GHE_TRONG_PHONG(MAGHE,MAPHONG,TRANGTHAI) values('42','5',N'Ghế trống')
insert into TB_GHE_TRONG_PHONG(MAGHE,MAPHONG,TRANGTHAI) values('43','5',N'Ghế trống')
insert into TB_GHE_TRONG_PHONG(MAGHE,MAPHONG,TRANGTHAI) values('44','5',N'Ghế trống')
insert into TB_GHE_TRONG_PHONG(MAGHE,MAPHONG,TRANGTHAI) values('45','5',N'Ghế trống')
insert into TB_GHE_TRONG_PHONG(MAGHE,MAPHONG,TRANGTHAI) values('46','5',N'Ghế trống')
insert into TB_GHE_TRONG_PHONG(MAGHE,MAPHONG,TRANGTHAI) values('47','5',N'Ghế trống')
insert into TB_GHE_TRONG_PHONG(MAGHE,MAPHONG,TRANGTHAI) values('48','5',N'Ghế đang chọn')
insert into TB_GHE_TRONG_PHONG(MAGHE,MAPHONG,TRANGTHAI) values('49','5',N'Ghế đang chọn')
insert into TB_GHE_TRONG_PHONG(MAGHE,MAPHONG,TRANGTHAI) values('50','5',N'Ghế đang chọn')
insert into TB_GHE_TRONG_PHONG(MAGHE,MAPHONG,TRANGTHAI) values('1','6',N'Ghế trống')
insert into TB_GHE_TRONG_PHONG(MAGHE,MAPHONG,TRANGTHAI) values('2','6',N'Ghế đang chọn')
insert into TB_GHE_TRONG_PHONG(MAGHE,MAPHONG,TRANGTHAI) values('3','6',N'Ghế đã chọn')
insert into TB_GHE_TRONG_PHONG(MAGHE,MAPHONG,TRANGTHAI) values('4','6',N'Ghế trống')
insert into TB_GHE_TRONG_PHONG(MAGHE,MAPHONG,TRANGTHAI) values('5','6',N'Ghế trống')
insert into TB_GHE_TRONG_PHONG(MAGHE,MAPHONG,TRANGTHAI) values('6','6',N'Ghế trống')
insert into TB_GHE_TRONG_PHONG(MAGHE,MAPHONG,TRANGTHAI) values('7','6',N'Ghế đang chọn')
insert into TB_GHE_TRONG_PHONG(MAGHE,MAPHONG,TRANGTHAI) values('8','6',N'Ghế trống')
insert into TB_GHE_TRONG_PHONG(MAGHE,MAPHONG,TRANGTHAI) values('9','6',N'Ghế đã chọn')
insert into TB_GHE_TRONG_PHONG(MAGHE,MAPHONG,TRANGTHAI) values('10','6',N'Ghế đã bán')
insert into TB_GHE_TRONG_PHONG(MAGHE,MAPHONG,TRANGTHAI) values('11','6',N'Ghế đang chọn')
insert into TB_GHE_TRONG_PHONG(MAGHE,MAPHONG,TRANGTHAI) values('12','6',N'Ghế đã bán')
insert into TB_GHE_TRONG_PHONG(MAGHE,MAPHONG,TRANGTHAI) values('13','6',N'Ghế trống')
insert into TB_GHE_TRONG_PHONG(MAGHE,MAPHONG,TRANGTHAI) values('14','6',N'Ghế đang chọn')
insert into TB_GHE_TRONG_PHONG(MAGHE,MAPHONG,TRANGTHAI) values('15','6',N'Ghế trống')
insert into TB_GHE_TRONG_PHONG(MAGHE,MAPHONG,TRANGTHAI) values('16','6',N'Ghế trống')
insert into TB_GHE_TRONG_PHONG(MAGHE,MAPHONG,TRANGTHAI) values('17','6',N'Ghế trống')
insert into TB_GHE_TRONG_PHONG(MAGHE,MAPHONG,TRANGTHAI) values('18','6',N'Ghế trống')
insert into TB_GHE_TRONG_PHONG(MAGHE,MAPHONG,TRANGTHAI) values('19','6',N'Ghế đang chọn')
insert into TB_GHE_TRONG_PHONG(MAGHE,MAPHONG,TRANGTHAI) values('20','6',N'Ghế trống')
insert into TB_GHE_TRONG_PHONG(MAGHE,MAPHONG,TRANGTHAI) values('21','6',N'Ghế đã bán')
insert into TB_GHE_TRONG_PHONG(MAGHE,MAPHONG,TRANGTHAI) values('22','6',N'Ghế trống')
insert into TB_GHE_TRONG_PHONG(MAGHE,MAPHONG,TRANGTHAI) values('23','6',N'Ghế đang chọn')
insert into TB_GHE_TRONG_PHONG(MAGHE,MAPHONG,TRANGTHAI) values('24','6',N'Ghế trống')
insert into TB_GHE_TRONG_PHONG(MAGHE,MAPHONG,TRANGTHAI) values('25','6',N'Ghế đã bán')
insert into TB_GHE_TRONG_PHONG(MAGHE,MAPHONG,TRANGTHAI) values('26','6',N'Ghế đã bán')
insert into TB_GHE_TRONG_PHONG(MAGHE,MAPHONG,TRANGTHAI) values('27','6',N'Ghế đã bán')
insert into TB_GHE_TRONG_PHONG(MAGHE,MAPHONG,TRANGTHAI) values('28','6',N'Ghế trống')
insert into TB_GHE_TRONG_PHONG(MAGHE,MAPHONG,TRANGTHAI) values('29','6',N'Ghế đang chọn')
insert into TB_GHE_TRONG_PHONG(MAGHE,MAPHONG,TRANGTHAI) values('30','6',N'Ghế trống')
insert into TB_GHE_TRONG_PHONG(MAGHE,MAPHONG,TRANGTHAI) values('31','6',N'Ghế trống')
insert into TB_GHE_TRONG_PHONG(MAGHE,MAPHONG,TRANGTHAI) values('32','6',N'Ghế đã bán')
insert into TB_GHE_TRONG_PHONG(MAGHE,MAPHONG,TRANGTHAI) values('33','6',N'Ghế đã bán')
insert into TB_GHE_TRONG_PHONG(MAGHE,MAPHONG,TRANGTHAI) values('34','6',N'Ghế đang chọn')
insert into TB_GHE_TRONG_PHONG(MAGHE,MAPHONG,TRANGTHAI) values('35','6',N'Ghế trống')
insert into TB_GHE_TRONG_PHONG(MAGHE,MAPHONG,TRANGTHAI) values('36','6',N'Ghế trống')
insert into TB_GHE_TRONG_PHONG(MAGHE,MAPHONG,TRANGTHAI) values('37','6',N'Ghế đang chọn')
insert into TB_GHE_TRONG_PHONG(MAGHE,MAPHONG,TRANGTHAI) values('38','6',N'Ghế đã bán')
insert into TB_GHE_TRONG_PHONG(MAGHE,MAPHONG,TRANGTHAI) values('39','6',N'Ghế trống')
insert into TB_GHE_TRONG_PHONG(MAGHE,MAPHONG,TRANGTHAI) values('40','6',N'Ghế đã bán')
insert into TB_GHE_TRONG_PHONG(MAGHE,MAPHONG,TRANGTHAI) values('41','6',N'Ghế trống')
insert into TB_GHE_TRONG_PHONG(MAGHE,MAPHONG,TRANGTHAI) values('42','6',N'Ghế trống')
insert into TB_GHE_TRONG_PHONG(MAGHE,MAPHONG,TRANGTHAI) values('43','6',N'Ghế đang chọn')
insert into TB_GHE_TRONG_PHONG(MAGHE,MAPHONG,TRANGTHAI) values('44','6',N'Ghế trống')
insert into TB_GHE_TRONG_PHONG(MAGHE,MAPHONG,TRANGTHAI) values('45','6',N'Ghế trống')
insert into TB_GHE_TRONG_PHONG(MAGHE,MAPHONG,TRANGTHAI) values('46','6',N'Ghế đã bán')
insert into TB_GHE_TRONG_PHONG(MAGHE,MAPHONG,TRANGTHAI) values('47','6',N'Ghế trống')
insert into TB_GHE_TRONG_PHONG(MAGHE,MAPHONG,TRANGTHAI) values('48','6',N'Ghế trống')
insert into TB_GHE_TRONG_PHONG(MAGHE,MAPHONG,TRANGTHAI) values('49','6',N'Ghế đang chọn')
insert into TB_GHE_TRONG_PHONG(MAGHE,MAPHONG,TRANGTHAI) values('50','6',N'Ghế đang chọn')

go

--tao bang lich chieu 
insert into dbo.TB_LICHCHIEU(MALICHCHIEU, NGAYCHIEU, NGAYKETTHUC, MAPHONG , MAPHIM)
values(1,'2022-04-14 09:00:00','2022-04-14 11:00:00',1,1)
insert into dbo.TB_LICHCHIEU(MALICHCHIEU, NGAYCHIEU, NGAYKETTHUC, MAPHONG , MAPHIM)
values(2,'2022-04-14 09:00:00','2022-04-14 11:00:00',2,2)
insert into dbo.TB_LICHCHIEU(MALICHCHIEU, NGAYCHIEU, NGAYKETTHUC, MAPHONG , MAPHIM)
values(3,'2022-04-14 09:00:00','2022-04-14 11:00:00',3,3)
insert into dbo.TB_LICHCHIEU(MALICHCHIEU, NGAYCHIEU, NGAYKETTHUC, MAPHONG , MAPHIM)
values(4,'2022-04-14 09:00:00','2022-04-14 11:00:00',4,4)
insert into dbo.TB_LICHCHIEU(MALICHCHIEU, NGAYCHIEU, NGAYKETTHUC, MAPHONG , MAPHIM)
values(5,'2022-04-14 09:00:00','2022-04-14 11:00:00',5,5)
insert into dbo.TB_LICHCHIEU(MALICHCHIEU, NGAYCHIEU, NGAYKETTHUC, MAPHONG , MAPHIM)
values(6,'2022-04-14 09:00:00','2022-04-14 11:00:00',6,6)
insert into dbo.TB_LICHCHIEU(MALICHCHIEU, NGAYCHIEU, NGAYKETTHUC, MAPHONG , MAPHIM)
values(7,'2022-04-14 11:30:00','2022-04-14 13:30:00',1,7)
insert into dbo.TB_LICHCHIEU(MALICHCHIEU, NGAYCHIEU, NGAYKETTHUC, MAPHONG , MAPHIM)
values(8,'2022-04-14 11:30:00','2022-04-14 13:30:00',2,8)
insert into dbo.TB_LICHCHIEU(MALICHCHIEU, NGAYCHIEU, NGAYKETTHUC, MAPHONG , MAPHIM)
values(9,'2022-04-14 11:30:00','2022-04-14 13:30:00',3,9)
insert into dbo.TB_LICHCHIEU(MALICHCHIEU, NGAYCHIEU, NGAYKETTHUC, MAPHONG , MAPHIM)
values(10,'2022-04-14 11:30:00','2022-04-14 13:30:00',4,10)
insert into dbo.TB_LICHCHIEU(MALICHCHIEU, NGAYCHIEU, NGAYKETTHUC, MAPHONG , MAPHIM)
values(11,'2022-04-14 11:30:00','2022-04-14 13:30:00',5,1)
insert into dbo.TB_LICHCHIEU(MALICHCHIEU, NGAYCHIEU, NGAYKETTHUC, MAPHONG , MAPHIM)
values(12,'2022-04-14 11:30:00','2022-04-14 13:30:00',6,2)
insert into dbo.TB_LICHCHIEU(MALICHCHIEU, NGAYCHIEU, NGAYKETTHUC, MAPHONG , MAPHIM)
values(13,'2022-04-14 14:00:00','2022-04-14 16:00:00',1,3)
insert into dbo.TB_LICHCHIEU(MALICHCHIEU, NGAYCHIEU, NGAYKETTHUC, MAPHONG , MAPHIM)
values(14,'2022-04-14 14:00:00','2022-04-14 16:00:00',2,4)
insert into dbo.TB_LICHCHIEU(MALICHCHIEU, NGAYCHIEU, NGAYKETTHUC, MAPHONG , MAPHIM)
values(15,'2022-04-14 14:00:00','2022-04-14 16:00:00',3,5)
insert into dbo.TB_LICHCHIEU(MALICHCHIEU, NGAYCHIEU, NGAYKETTHUC, MAPHONG , MAPHIM)
values(16,'2022-04-14 14:00:00','2022-04-14 16:00:00',4,6)
insert into dbo.TB_LICHCHIEU(MALICHCHIEU, NGAYCHIEU, NGAYKETTHUC, MAPHONG , MAPHIM)
values(17,'2022-04-14 14:00:00','2022-04-14 16:00:00',5,7)
insert into dbo.TB_LICHCHIEU(MALICHCHIEU, NGAYCHIEU, NGAYKETTHUC, MAPHONG , MAPHIM)
values(18,'2022-04-14 14:00:00','2022-04-14 16:00:00',6,8)
insert into dbo.TB_LICHCHIEU(MALICHCHIEU, NGAYCHIEU, NGAYKETTHUC, MAPHONG , MAPHIM)
values(19,'2022-04-14 16:30:00','2022-04-14 18:30:00',1,9)
insert into dbo.TB_LICHCHIEU(MALICHCHIEU, NGAYCHIEU, NGAYKETTHUC, MAPHONG , MAPHIM)
values(20,'2022-04-14 16:30:00','2022-04-14 18:30:00',2,10)
insert into dbo.TB_LICHCHIEU(MALICHCHIEU, NGAYCHIEU, NGAYKETTHUC, MAPHONG , MAPHIM)
values(21,'2022-04-14 16:30:00','2022-04-14 18:30:00',3,1)
insert into dbo.TB_LICHCHIEU(MALICHCHIEU, NGAYCHIEU, NGAYKETTHUC, MAPHONG , MAPHIM)
values(22,'2022-04-14 16:30:00','2022-04-14 18:30:00',4,2)
insert into dbo.TB_LICHCHIEU(MALICHCHIEU, NGAYCHIEU, NGAYKETTHUC, MAPHONG , MAPHIM)
values(23,'2022-04-14 16:30:00','2022-04-14 18:30:00',5,3)
insert into dbo.TB_LICHCHIEU(MALICHCHIEU, NGAYCHIEU, NGAYKETTHUC, MAPHONG , MAPHIM)
values(24,'2022-04-14 16:30:00','2022-04-14 18:30:00',6,4)
insert into dbo.TB_LICHCHIEU(MALICHCHIEU, NGAYCHIEU, NGAYKETTHUC, MAPHONG , MAPHIM)
values(25,'2022-04-14 19:00:00','2022-04-14 21:00:00',1,5)
insert into dbo.TB_LICHCHIEU(MALICHCHIEU, NGAYCHIEU, NGAYKETTHUC, MAPHONG , MAPHIM)
values(26,'2022-04-14 19:00:00','2022-04-14 21:00:00',2,6)
insert into dbo.TB_LICHCHIEU(MALICHCHIEU, NGAYCHIEU, NGAYKETTHUC, MAPHONG , MAPHIM)
values(27,'2022-04-14 19:00:00','2022-04-14 21:00:00',3,7)
insert into dbo.TB_LICHCHIEU(MALICHCHIEU, NGAYCHIEU, NGAYKETTHUC, MAPHONG , MAPHIM)
values(28,'2022-04-14 19:00:00','2022-04-14 21:00:00',4,8)
insert into dbo.TB_LICHCHIEU(MALICHCHIEU, NGAYCHIEU, NGAYKETTHUC, MAPHONG , MAPHIM)
values(29,'2022-04-14 19:00:00','2022-04-14 21:00:00',5,9)
insert into dbo.TB_LICHCHIEU(MALICHCHIEU, NGAYCHIEU, NGAYKETTHUC, MAPHONG , MAPHIM)
values(30,'2022-04-14 19:00:00','2022-04-14 21:00:00',6,10)
insert into dbo.TB_LICHCHIEU(MALICHCHIEU, NGAYCHIEU, NGAYKETTHUC, MAPHONG , MAPHIM)
values(31,'2022-04-14 21:30:00','2022-04-14 23:30:00',1,1)
insert into dbo.TB_LICHCHIEU(MALICHCHIEU, NGAYCHIEU, NGAYKETTHUC, MAPHONG , MAPHIM)
values(32,'2022-04-14 21:30:00','2022-04-14 23:30:00',2,2)
insert into dbo.TB_LICHCHIEU(MALICHCHIEU, NGAYCHIEU, NGAYKETTHUC, MAPHONG , MAPHIM)
values(33,'2022-04-14 21:30:00','2022-04-14 23:30:00',3,3)
insert into dbo.TB_LICHCHIEU(MALICHCHIEU, NGAYCHIEU, NGAYKETTHUC, MAPHONG , MAPHIM)
values(34,'2022-04-14 21:30:00','2022-04-14 23:30:00',4,4)
insert into dbo.TB_LICHCHIEU(MALICHCHIEU, NGAYCHIEU, NGAYKETTHUC, MAPHONG , MAPHIM)
values(35,'2022-04-14 21:30:00','2022-04-14 23:30:00',5,5)
insert into dbo.TB_LICHCHIEU(MALICHCHIEU, NGAYCHIEU, NGAYKETTHUC, MAPHONG , MAPHIM)
values(36,'2022-04-14 21:30:00','2022-04-14 23:30:00',6,6)
insert into dbo.TB_LICHCHIEU(MALICHCHIEU, NGAYCHIEU, NGAYKETTHUC, MAPHONG , MAPHIM)
values(37,'2022-04-15 10:00:00','2022-04-15 12:00:00',1,11)
insert into dbo.TB_LICHCHIEU(MALICHCHIEU, NGAYCHIEU, NGAYKETTHUC, MAPHONG , MAPHIM)
values(38,'2022-04-15 10:00:00','2022-04-15 12:00:00',2,12)
insert into dbo.TB_LICHCHIEU(MALICHCHIEU, NGAYCHIEU, NGAYKETTHUC, MAPHONG , MAPHIM)
values(39,'2022-04-15 10:00:00','2022-04-15 12:00:00',3,13)
insert into dbo.TB_LICHCHIEU(MALICHCHIEU, NGAYCHIEU, NGAYKETTHUC, MAPHONG , MAPHIM)
values(40,'2022-04-15 10:00:00','2022-04-15 12:00:00',4,14)
insert into dbo.TB_LICHCHIEU(MALICHCHIEU, NGAYCHIEU, NGAYKETTHUC, MAPHONG , MAPHIM)
values(41,'2022-04-15 10:00:00','2022-04-15 12:00:00',5,15)
insert into dbo.TB_LICHCHIEU(MALICHCHIEU, NGAYCHIEU, NGAYKETTHUC, MAPHONG , MAPHIM)
values(42,'2022-04-15 10:00:00','2022-04-15 12:00:00',6,16)
insert into dbo.TB_LICHCHIEU(MALICHCHIEU, NGAYCHIEU, NGAYKETTHUC, MAPHONG , MAPHIM)
values(43,'2022-04-15 14:00:00','2022-04-15 16:00:00',1,17)
insert into dbo.TB_LICHCHIEU(MALICHCHIEU, NGAYCHIEU, NGAYKETTHUC, MAPHONG , MAPHIM)
values(44,'2022-04-15 14:00:00','2022-04-15 16:00:00',2,18)
insert into dbo.TB_LICHCHIEU(MALICHCHIEU, NGAYCHIEU, NGAYKETTHUC, MAPHONG , MAPHIM)
values(45,'2022-04-15 14:00:00','2022-04-15 16:00:00',3,19)
insert into dbo.TB_LICHCHIEU(MALICHCHIEU, NGAYCHIEU, NGAYKETTHUC, MAPHONG , MAPHIM)
values(46,'2022-04-15 14:00:00','2022-04-15 16:00:00',4,20)
insert into dbo.TB_LICHCHIEU(MALICHCHIEU, NGAYCHIEU, NGAYKETTHUC, MAPHONG , MAPHIM)
values(47,'2022-04-15 14:00:00','2022-04-15 16:00:00',5,11)
insert into dbo.TB_LICHCHIEU(MALICHCHIEU, NGAYCHIEU, NGAYKETTHUC, MAPHONG , MAPHIM)
values(48,'2022-04-15 14:00:00','2022-04-15 16:00:00',6,12)
insert into dbo.TB_LICHCHIEU(MALICHCHIEU, NGAYCHIEU, NGAYKETTHUC, MAPHONG , MAPHIM)
values(49,'2022-04-15 16:30:00','2022-04-15 18:30:00',1,13)
insert into dbo.TB_LICHCHIEU(MALICHCHIEU, NGAYCHIEU, NGAYKETTHUC, MAPHONG , MAPHIM)
values(50,'2022-04-15 16:30:00','2022-04-15 18:30:00',2,14)
insert into dbo.TB_LICHCHIEU(MALICHCHIEU, NGAYCHIEU, NGAYKETTHUC, MAPHONG , MAPHIM)
values(51,'2022-04-15 16:30:00','2022-04-15 18:30:00',3,15)
insert into dbo.TB_LICHCHIEU(MALICHCHIEU, NGAYCHIEU, NGAYKETTHUC, MAPHONG , MAPHIM)
values(52,'2022-04-15 16:30:00','2022-04-15 18:30:00',4,16)
insert into dbo.TB_LICHCHIEU(MALICHCHIEU, NGAYCHIEU, NGAYKETTHUC, MAPHONG , MAPHIM)
values(53,'2022-04-15 16:30:00','2022-04-15 18:30:00',5,17)
insert into dbo.TB_LICHCHIEU(MALICHCHIEU, NGAYCHIEU, NGAYKETTHUC, MAPHONG , MAPHIM)
values(54,'2022-04-15 16:30:00','2022-04-15 18:30:00',6,18)
insert into dbo.TB_LICHCHIEU(MALICHCHIEU, NGAYCHIEU, NGAYKETTHUC, MAPHONG , MAPHIM)
values(55,'2022-04-15 19:00:00','2022-04-15 21:00:00',1,19)
insert into dbo.TB_LICHCHIEU(MALICHCHIEU, NGAYCHIEU, NGAYKETTHUC, MAPHONG , MAPHIM)
values(56,'2022-04-15 19:00:00','2022-04-15 21:00:00',2,20)
insert into dbo.TB_LICHCHIEU(MALICHCHIEU, NGAYCHIEU, NGAYKETTHUC, MAPHONG , MAPHIM)
values(57,'2022-04-15 19:00:00','2022-04-15 21:00:00',3,11)
insert into dbo.TB_LICHCHIEU(MALICHCHIEU, NGAYCHIEU, NGAYKETTHUC, MAPHONG , MAPHIM)
values(58,'2022-04-15 19:00:00','2022-04-15 21:00:00',4,12)
insert into dbo.TB_LICHCHIEU(MALICHCHIEU, NGAYCHIEU, NGAYKETTHUC, MAPHONG , MAPHIM)
values(59,'2022-04-15 19:00:00','2022-04-15 21:00:00',5,13)
insert into dbo.TB_LICHCHIEU(MALICHCHIEU, NGAYCHIEU, NGAYKETTHUC, MAPHONG , MAPHIM)
values(60,'2022-04-15 19:00:00','2022-04-15 21:00:00',6,14)
insert into dbo.TB_LICHCHIEU(MALICHCHIEU, NGAYCHIEU, NGAYKETTHUC, MAPHONG , MAPHIM)
values(61,'2022-04-15 21:30:00','2022-04-15 23:30:00',1,15)
insert into dbo.TB_LICHCHIEU(MALICHCHIEU, NGAYCHIEU, NGAYKETTHUC, MAPHONG , MAPHIM)
values(62,'2022-04-15 21:30:00','2022-04-15 23:30:00',2,16)
insert into dbo.TB_LICHCHIEU(MALICHCHIEU, NGAYCHIEU, NGAYKETTHUC, MAPHONG , MAPHIM)
values(63,'2022-04-15 21:30:00','2022-04-15 23:30:00',3,17)
insert into dbo.TB_LICHCHIEU(MALICHCHIEU, NGAYCHIEU, NGAYKETTHUC, MAPHONG , MAPHIM)
values(64,'2022-04-15 21:30:00','2022-04-15 23:30:00',4,18)
insert into dbo.TB_LICHCHIEU(MALICHCHIEU, NGAYCHIEU, NGAYKETTHUC, MAPHONG , MAPHIM)
values(65,'2022-04-15 21:30:00','2022-04-15 23:30:00',5,19)
insert into dbo.TB_LICHCHIEU(MALICHCHIEU, NGAYCHIEU, NGAYKETTHUC, MAPHONG , MAPHIM)
values(66,'2022-04-15 21:30:00','2022-04-15 23:30:00',6,20)
insert into dbo.TB_LICHCHIEU(MALICHCHIEU, NGAYCHIEU, NGAYKETTHUC, MAPHONG , MAPHIM)
values(67,'2022-04-16 10:00:00','2022-04-16 12:00:00',1,1)
insert into dbo.TB_LICHCHIEU(MALICHCHIEU, NGAYCHIEU, NGAYKETTHUC, MAPHONG , MAPHIM)
values(68,'2022-04-16 10:00:00','2022-04-16 12:00:00',2,2)
insert into dbo.TB_LICHCHIEU(MALICHCHIEU, NGAYCHIEU, NGAYKETTHUC, MAPHONG , MAPHIM)
values(69,'2022-04-16 10:00:00','2022-04-16 12:00:00',3,3)
insert into dbo.TB_LICHCHIEU(MALICHCHIEU, NGAYCHIEU, NGAYKETTHUC, MAPHONG , MAPHIM)
values(70,'2022-04-16 10:00:00','2022-04-16 12:00:00',4,4)
insert into dbo.TB_LICHCHIEU(MALICHCHIEU, NGAYCHIEU, NGAYKETTHUC, MAPHONG , MAPHIM)
values(71,'2022-04-16 10:00:00','2022-04-16 12:00:00',5,5)
insert into dbo.TB_LICHCHIEU(MALICHCHIEU, NGAYCHIEU, NGAYKETTHUC, MAPHONG , MAPHIM)
values(72,'2022-04-16 10:00:00','2022-04-16 12:00:00',6,6)
insert into dbo.TB_LICHCHIEU(MALICHCHIEU, NGAYCHIEU, NGAYKETTHUC, MAPHONG , MAPHIM)
values(73,'2022-04-16 14:00:00','2022-04-16 16:00:00',1,7)
insert into dbo.TB_LICHCHIEU(MALICHCHIEU, NGAYCHIEU, NGAYKETTHUC, MAPHONG , MAPHIM)
values(74,'2022-04-16 14:00:00','2022-04-16 16:00:00',2,8)
insert into dbo.TB_LICHCHIEU(MALICHCHIEU, NGAYCHIEU, NGAYKETTHUC, MAPHONG , MAPHIM)
values(75,'2022-04-16 14:00:00','2022-04-16 16:00:00',3,9)
insert into dbo.TB_LICHCHIEU(MALICHCHIEU, NGAYCHIEU, NGAYKETTHUC, MAPHONG , MAPHIM)
values(76,'2022-04-16 14:00:00','2022-04-16 16:00:00',4,10)
insert into dbo.TB_LICHCHIEU(MALICHCHIEU, NGAYCHIEU, NGAYKETTHUC, MAPHONG , MAPHIM)
values(77,'2022-04-16 14:00:00','2022-04-16 16:00:00',5,1)
insert into dbo.TB_LICHCHIEU(MALICHCHIEU, NGAYCHIEU, NGAYKETTHUC, MAPHONG , MAPHIM)
values(78,'2022-04-16 14:00:00','2022-04-16 16:00:00',6,2)
insert into dbo.TB_LICHCHIEU(MALICHCHIEU, NGAYCHIEU, NGAYKETTHUC, MAPHONG , MAPHIM)
values(79,'2022-04-16 16:30:00','2022-04-16 18:30:00',1,3)
insert into dbo.TB_LICHCHIEU(MALICHCHIEU, NGAYCHIEU, NGAYKETTHUC, MAPHONG , MAPHIM)
values(80,'2022-04-16 16:30:00','2022-04-16 18:30:00',2,4)
insert into dbo.TB_LICHCHIEU(MALICHCHIEU, NGAYCHIEU, NGAYKETTHUC, MAPHONG , MAPHIM)
values(81,'2022-04-16 16:30:00','2022-04-16 18:30:00',3,5)
insert into dbo.TB_LICHCHIEU(MALICHCHIEU, NGAYCHIEU, NGAYKETTHUC, MAPHONG , MAPHIM)
values(82,'2022-04-16 16:30:00','2022-04-16 18:30:00',4,6)
insert into dbo.TB_LICHCHIEU(MALICHCHIEU, NGAYCHIEU, NGAYKETTHUC, MAPHONG , MAPHIM)
values(83,'2022-04-16 16:30:00','2022-04-16 18:30:00',5,7)
insert into dbo.TB_LICHCHIEU(MALICHCHIEU, NGAYCHIEU, NGAYKETTHUC, MAPHONG , MAPHIM)
values(84,'2022-04-16 16:30:00','2022-04-16 18:30:00',6,8)
insert into dbo.TB_LICHCHIEU(MALICHCHIEU, NGAYCHIEU, NGAYKETTHUC, MAPHONG , MAPHIM)
values(85,'2022-04-16 19:00:00','2022-04-16 21:00:00',1,9)
insert into dbo.TB_LICHCHIEU(MALICHCHIEU, NGAYCHIEU, NGAYKETTHUC, MAPHONG , MAPHIM)
values(86,'2022-04-16 19:00:00','2022-04-16 21:00:00',2,10)
insert into dbo.TB_LICHCHIEU(MALICHCHIEU, NGAYCHIEU, NGAYKETTHUC, MAPHONG , MAPHIM)
values(87,'2022-04-16 19:00:00','2022-04-16 21:00:00',3,1)
insert into dbo.TB_LICHCHIEU(MALICHCHIEU, NGAYCHIEU, NGAYKETTHUC, MAPHONG , MAPHIM)
values(88,'2022-04-16 19:00:00','2022-04-16 21:00:00',4,2)
insert into dbo.TB_LICHCHIEU(MALICHCHIEU, NGAYCHIEU, NGAYKETTHUC, MAPHONG , MAPHIM)
values(89,'2022-04-16 19:00:00','2022-04-16 21:00:00',5,3)
insert into dbo.TB_LICHCHIEU(MALICHCHIEU, NGAYCHIEU, NGAYKETTHUC, MAPHONG , MAPHIM)
values(90,'2022-04-16 19:00:00','2022-04-16 21:00:00',6,4)
insert into dbo.TB_LICHCHIEU(MALICHCHIEU, NGAYCHIEU, NGAYKETTHUC, MAPHONG , MAPHIM)
values(91,'2022-04-16 21:30:00','2022-04-16 23:30:00',1,5)
insert into dbo.TB_LICHCHIEU(MALICHCHIEU, NGAYCHIEU, NGAYKETTHUC, MAPHONG , MAPHIM)
values(92,'2022-04-16 21:30:00','2022-04-16 23:30:00',2,6)
insert into dbo.TB_LICHCHIEU(MALICHCHIEU, NGAYCHIEU, NGAYKETTHUC, MAPHONG , MAPHIM)
values(93,'2022-04-16 21:30:00','2022-04-16 23:30:00',3,7)
insert into dbo.TB_LICHCHIEU(MALICHCHIEU, NGAYCHIEU, NGAYKETTHUC, MAPHONG , MAPHIM)
values(94,'2022-04-16 21:30:00','2022-04-16 23:30:00',4,8)
insert into dbo.TB_LICHCHIEU(MALICHCHIEU, NGAYCHIEU, NGAYKETTHUC, MAPHONG , MAPHIM)
values(95,'2022-04-16 21:30:00','2022-04-16 23:30:00',5,9)
insert into dbo.TB_LICHCHIEU(MALICHCHIEU, NGAYCHIEU, NGAYKETTHUC, MAPHONG , MAPHIM)
values(96,'2022-04-16 21:30:00','2022-04-16 23:30:00',6,10)
insert into dbo.TB_LICHCHIEU(MALICHCHIEU, NGAYCHIEU, NGAYKETTHUC, MAPHONG , MAPHIM)
values(97,'2022-04-17 10:00:00','2022-04-17 12:00:00',1,11)
insert into dbo.TB_LICHCHIEU(MALICHCHIEU, NGAYCHIEU, NGAYKETTHUC, MAPHONG , MAPHIM)
values(98,'2022-04-17 10:00:00','2022-04-17 12:00:00',2,12)
insert into dbo.TB_LICHCHIEU(MALICHCHIEU, NGAYCHIEU, NGAYKETTHUC, MAPHONG , MAPHIM)
values(99,'2022-04-17 10:00:00','2022-04-17 12:00:00',3,13)
insert into dbo.TB_LICHCHIEU(MALICHCHIEU, NGAYCHIEU, NGAYKETTHUC, MAPHONG , MAPHIM)
values(100,'2022-04-17 10:00:00','2022-04-17 12:00:00',4,14)
insert into dbo.TB_LICHCHIEU(MALICHCHIEU, NGAYCHIEU, NGAYKETTHUC, MAPHONG , MAPHIM)
values(101,'2022-04-17 10:00:00','2022-04-17 12:00:00',5,15)
insert into dbo.TB_LICHCHIEU(MALICHCHIEU, NGAYCHIEU, NGAYKETTHUC, MAPHONG , MAPHIM)
values(102,'2022-04-17 10:00:00','2022-04-17 12:00:00',6,16)
insert into dbo.TB_LICHCHIEU(MALICHCHIEU, NGAYCHIEU, NGAYKETTHUC, MAPHONG , MAPHIM)
values(103,'2022-04-17 14:00:00','2022-04-17 16:00:00',1,17)
insert into dbo.TB_LICHCHIEU(MALICHCHIEU, NGAYCHIEU, NGAYKETTHUC, MAPHONG , MAPHIM)
values(104,'2022-04-17 14:00:00','2022-04-17 16:00:00',2,18)
insert into dbo.TB_LICHCHIEU(MALICHCHIEU, NGAYCHIEU, NGAYKETTHUC, MAPHONG , MAPHIM)
values(105,'2022-04-17 14:00:00','2022-04-17 16:00:00',3,19)
insert into dbo.TB_LICHCHIEU(MALICHCHIEU, NGAYCHIEU, NGAYKETTHUC, MAPHONG , MAPHIM)
values(106,'2022-04-17 14:00:00','2022-04-17 16:00:00',4,20)
insert into dbo.TB_LICHCHIEU(MALICHCHIEU, NGAYCHIEU, NGAYKETTHUC, MAPHONG , MAPHIM)
values(107,'2022-04-17 14:00:00','2022-04-17 16:00:00',5,11)
insert into dbo.TB_LICHCHIEU(MALICHCHIEU, NGAYCHIEU, NGAYKETTHUC, MAPHONG , MAPHIM)
values(108,'2022-04-17 14:00:00','2022-04-17 16:00:00',6,12)
insert into dbo.TB_LICHCHIEU(MALICHCHIEU, NGAYCHIEU, NGAYKETTHUC, MAPHONG , MAPHIM)
values(109,'2022-04-17 16:30:00','2022-04-17 18:30:00',1,13)
insert into dbo.TB_LICHCHIEU(MALICHCHIEU, NGAYCHIEU, NGAYKETTHUC, MAPHONG , MAPHIM)
values(110,'2022-04-17 16:30:00','2022-04-17 18:30:00',2,14)
insert into dbo.TB_LICHCHIEU(MALICHCHIEU, NGAYCHIEU, NGAYKETTHUC, MAPHONG , MAPHIM)
values(111,'2022-04-17 16:30:00','2022-04-17 18:30:00',3,15)
insert into dbo.TB_LICHCHIEU(MALICHCHIEU, NGAYCHIEU, NGAYKETTHUC, MAPHONG , MAPHIM)
values(112,'2022-04-17 16:30:00','2022-04-17 18:30:00',4,16)
insert into dbo.TB_LICHCHIEU(MALICHCHIEU, NGAYCHIEU, NGAYKETTHUC, MAPHONG , MAPHIM)
values(113,'2022-04-17 16:30:00','2022-04-17 18:30:00',5,17)
insert into dbo.TB_LICHCHIEU(MALICHCHIEU, NGAYCHIEU, NGAYKETTHUC, MAPHONG , MAPHIM)
values(114,'2022-04-17 16:30:00','2022-04-17 18:30:00',6,18)
insert into dbo.TB_LICHCHIEU(MALICHCHIEU, NGAYCHIEU, NGAYKETTHUC, MAPHONG , MAPHIM)
values(115,'2022-04-17 19:00:00','2022-04-17 21:00:00',1,19)
insert into dbo.TB_LICHCHIEU(MALICHCHIEU, NGAYCHIEU, NGAYKETTHUC, MAPHONG , MAPHIM)
values(116,'2022-04-17 19:00:00','2022-04-17 21:00:00',2,20)
insert into dbo.TB_LICHCHIEU(MALICHCHIEU, NGAYCHIEU, NGAYKETTHUC, MAPHONG , MAPHIM)
values(117,'2022-04-17 19:00:00','2022-04-17 21:00:00',3,11)
insert into dbo.TB_LICHCHIEU(MALICHCHIEU, NGAYCHIEU, NGAYKETTHUC, MAPHONG , MAPHIM)
values(118,'2022-04-17 19:00:00','2022-04-17 21:00:00',4,12)
insert into dbo.TB_LICHCHIEU(MALICHCHIEU, NGAYCHIEU, NGAYKETTHUC, MAPHONG , MAPHIM)
values(119,'2022-04-17 19:00:00','2022-04-17 21:00:00',5,13)
insert into dbo.TB_LICHCHIEU(MALICHCHIEU, NGAYCHIEU, NGAYKETTHUC, MAPHONG , MAPHIM)
values(120,'2022-04-17 19:00:00','2022-04-17 21:00:00',6,14)
insert into dbo.TB_LICHCHIEU(MALICHCHIEU, NGAYCHIEU, NGAYKETTHUC, MAPHONG , MAPHIM)
values(121,'2022-04-17 21:30:00','2022-04-17 23:30:00',1,15)
insert into dbo.TB_LICHCHIEU(MALICHCHIEU, NGAYCHIEU, NGAYKETTHUC, MAPHONG , MAPHIM)
values(122,'2022-04-17 21:30:00','2022-04-17 23:30:00',2,16)
insert into dbo.TB_LICHCHIEU(MALICHCHIEU, NGAYCHIEU, NGAYKETTHUC, MAPHONG , MAPHIM)
values(123,'2022-04-17 21:30:00','2022-04-17 23:30:00',3,17)
insert into dbo.TB_LICHCHIEU(MALICHCHIEU, NGAYCHIEU, NGAYKETTHUC, MAPHONG , MAPHIM)
values(124,'2022-04-17 21:30:00','2022-04-17 23:30:00',4,18)
insert into dbo.TB_LICHCHIEU(MALICHCHIEU, NGAYCHIEU, NGAYKETTHUC, MAPHONG , MAPHIM)
values(125,'2022-04-17 21:30:00','2022-04-17 23:30:00',5,19)
insert into dbo.TB_LICHCHIEU(MALICHCHIEU, NGAYCHIEU, NGAYKETTHUC, MAPHONG , MAPHIM)
values(126,'2022-04-17 21:30:00','2022-04-17 23:30:00',6,20)


--tao bang ve xem phim
insert into dbo.TB_VEXEMPHIM(MAVE,GIAVE,MATAIKHOAN, MALICHCHIEU, MATHEKHACHHANG)
values (1,70000,1,1,1)
insert into dbo.TB_VEXEMPHIM(MAVE,GIAVE,MATAIKHOAN, MALICHCHIEU, MATHEKHACHHANG)
values (2,70000,1,2,2)
insert into dbo.TB_VEXEMPHIM(MAVE,GIAVE,MATAIKHOAN, MALICHCHIEU, MATHEKHACHHANG)
values (3,60000,1,3,3)
insert into dbo.TB_VEXEMPHIM(MAVE,GIAVE,MATAIKHOAN, MALICHCHIEU, MATHEKHACHHANG)
values (4,60000,2,4,4)
insert into dbo.TB_VEXEMPHIM(MAVE,GIAVE,MATAIKHOAN, MALICHCHIEU, MATHEKHACHHANG)
values (5,60000,2,5,5)
insert into dbo.TB_VEXEMPHIM(MAVE,GIAVE,MATAIKHOAN, MALICHCHIEU, MATHEKHACHHANG)
values (6,60000,2,6,6)
insert into dbo.TB_VEXEMPHIM(MAVE,GIAVE,MATAIKHOAN, MALICHCHIEU, MATHEKHACHHANG)
values (7,60000,2,7,7)
insert into dbo.TB_VEXEMPHIM(MAVE,GIAVE,MATAIKHOAN, MALICHCHIEU, MATHEKHACHHANG)
values (8,60000,2,8,8)
insert into dbo.TB_VEXEMPHIM(MAVE,GIAVE,MATAIKHOAN, MALICHCHIEU, MATHEKHACHHANG)
values (9,70000,2,9,9)
insert into dbo.TB_VEXEMPHIM(MAVE,GIAVE,MATAIKHOAN, MALICHCHIEU, MATHEKHACHHANG)
values (10,70000,3,10,10)
insert into dbo.TB_VEXEMPHIM(MAVE,GIAVE,MATAIKHOAN, MALICHCHIEU, MATHEKHACHHANG)
values (11,60000,3,11,11)
insert into dbo.TB_VEXEMPHIM(MAVE,GIAVE,MATAIKHOAN, MALICHCHIEU, MATHEKHACHHANG)
values (12,60000,3,12,12)
insert into dbo.TB_VEXEMPHIM(MAVE,GIAVE,MATAIKHOAN, MALICHCHIEU, MATHEKHACHHANG)
values (13,60000,3,13,13)
insert into dbo.TB_VEXEMPHIM(MAVE,GIAVE,MATAIKHOAN, MALICHCHIEU, MATHEKHACHHANG)
values (14,60000,3,14,14)
insert into dbo.TB_VEXEMPHIM(MAVE,GIAVE,MATAIKHOAN, MALICHCHIEU, MATHEKHACHHANG)
values (15,60000,3,15,15)
insert into dbo.TB_VEXEMPHIM(MAVE,GIAVE,MATAIKHOAN, MALICHCHIEU, MATHEKHACHHANG)
values (16,60000,3,16,16)
insert into dbo.TB_VEXEMPHIM(MAVE,GIAVE,MATAIKHOAN, MALICHCHIEU, MATHEKHACHHANG)
values (17,60000,3,17,17)
insert into dbo.TB_VEXEMPHIM(MAVE,GIAVE,MATAIKHOAN, MALICHCHIEU, MATHEKHACHHANG)
values (18,60000,3,18,18)
insert into dbo.TB_VEXEMPHIM(MAVE,GIAVE,MATAIKHOAN, MALICHCHIEU, MATHEKHACHHANG)
values (19,60000,3,19,19)
insert into dbo.TB_VEXEMPHIM(MAVE,GIAVE,MATAIKHOAN, MALICHCHIEU, MATHEKHACHHANG)
values (20,60000,3,20,20)
insert into dbo.TB_VEXEMPHIM(MAVE,GIAVE,MATAIKHOAN, MALICHCHIEU, MATHEKHACHHANG)
values (21,60000,3,21,1)
insert into dbo.TB_VEXEMPHIM(MAVE,GIAVE,MATAIKHOAN, MALICHCHIEU, MATHEKHACHHANG)
values (22,60000,3,22,2)
insert into dbo.TB_VEXEMPHIM(MAVE,GIAVE,MATAIKHOAN, MALICHCHIEU, MATHEKHACHHANG)
values (23,60000,3,23,3)
insert into dbo.TB_VEXEMPHIM(MAVE,GIAVE,MATAIKHOAN, MALICHCHIEU, MATHEKHACHHANG)
values (24,60000,3,24,4)
insert into dbo.TB_VEXEMPHIM(MAVE,GIAVE,MATAIKHOAN, MALICHCHIEU, MATHEKHACHHANG)
values (25,60000,3,25,5)
insert into dbo.TB_VEXEMPHIM(MAVE,GIAVE,MATAIKHOAN, MALICHCHIEU, MATHEKHACHHANG)
values (26,60000,3,26,6)
insert into dbo.TB_VEXEMPHIM(MAVE,GIAVE,MATAIKHOAN, MALICHCHIEU, MATHEKHACHHANG)
values (27,60000,3,27,7)
insert into dbo.TB_VEXEMPHIM(MAVE,GIAVE,MATAIKHOAN, MALICHCHIEU, MATHEKHACHHANG)
values (28,60000,3,28,8)
insert into dbo.TB_VEXEMPHIM(MAVE,GIAVE,MATAIKHOAN, MALICHCHIEU, MATHEKHACHHANG)
values (29,60000,3,29,9)
insert into dbo.TB_VEXEMPHIM(MAVE,GIAVE,MATAIKHOAN, MALICHCHIEU, MATHEKHACHHANG)
values (30,60000,3,30,10)
insert into dbo.TB_VEXEMPHIM(MAVE,GIAVE,MATAIKHOAN, MALICHCHIEU, MATHEKHACHHANG)
values (31,60000,3,31,11)
insert into dbo.TB_VEXEMPHIM(MAVE,GIAVE,MATAIKHOAN, MALICHCHIEU, MATHEKHACHHANG)
values (32,60000,3,32,12)
insert into dbo.TB_VEXEMPHIM(MAVE,GIAVE,MATAIKHOAN, MALICHCHIEU, MATHEKHACHHANG)
values (33,60000,3,33,13)
insert into dbo.TB_VEXEMPHIM(MAVE,GIAVE,MATAIKHOAN, MALICHCHIEU, MATHEKHACHHANG)
values (34,60000,3,34,14)
insert into dbo.TB_VEXEMPHIM(MAVE,GIAVE,MATAIKHOAN, MALICHCHIEU, MATHEKHACHHANG)
values (35,60000,4,3,15)
insert into dbo.TB_VEXEMPHIM(MAVE,GIAVE,MATAIKHOAN, MALICHCHIEU, MATHEKHACHHANG)
values (36,60000,4,36,16)
insert into dbo.TB_VEXEMPHIM(MAVE,GIAVE,MATAIKHOAN, MALICHCHIEU, MATHEKHACHHANG)
values (37,60000,4,37,17)
insert into dbo.TB_VEXEMPHIM(MAVE,GIAVE,MATAIKHOAN, MALICHCHIEU, MATHEKHACHHANG)
values (38,60000,4,38,18)
insert into dbo.TB_VEXEMPHIM(MAVE,GIAVE,MATAIKHOAN, MALICHCHIEU, MATHEKHACHHANG)
values (39,60000,4,39,19)
insert into dbo.TB_VEXEMPHIM(MAVE,GIAVE,MATAIKHOAN, MALICHCHIEU, MATHEKHACHHANG)
values (40,60000,4,40,20)
insert into dbo.TB_VEXEMPHIM(MAVE,GIAVE,MATAIKHOAN, MALICHCHIEU, MATHEKHACHHANG)
values (41,60000,4,41,1)
insert into dbo.TB_VEXEMPHIM(MAVE,GIAVE,MATAIKHOAN, MALICHCHIEU, MATHEKHACHHANG)
values (42,60000,4,42,2)
insert into dbo.TB_VEXEMPHIM(MAVE,GIAVE,MATAIKHOAN, MALICHCHIEU, MATHEKHACHHANG)
values (43,60000,4,43,3)
insert into dbo.TB_VEXEMPHIM(MAVE,GIAVE,MATAIKHOAN, MALICHCHIEU, MATHEKHACHHANG)
values (44,60000,4,44,4)
insert into dbo.TB_VEXEMPHIM(MAVE,GIAVE,MATAIKHOAN, MALICHCHIEU, MATHEKHACHHANG)
values (45,60000,4,45,5)
insert into dbo.TB_VEXEMPHIM(MAVE,GIAVE,MATAIKHOAN, MALICHCHIEU, MATHEKHACHHANG)
values (46,60000,4,46,6)
insert into dbo.TB_VEXEMPHIM(MAVE,GIAVE,MATAIKHOAN, MALICHCHIEU, MATHEKHACHHANG)
values (47,60000,4,47,7)
insert into dbo.TB_VEXEMPHIM(MAVE,GIAVE,MATAIKHOAN, MALICHCHIEU, MATHEKHACHHANG)
values (48,60000,4,48,8)
insert into dbo.TB_VEXEMPHIM(MAVE,GIAVE,MATAIKHOAN, MALICHCHIEU, MATHEKHACHHANG)
values (49,60000,4,49,9)
insert into dbo.TB_VEXEMPHIM(MAVE,GIAVE,MATAIKHOAN, MALICHCHIEU, MATHEKHACHHANG)
values (50,60000,4,50,10)




